/*******************************************************************************
 * Size: 16 px
 * Bpp: 4
 * Opts: --no-compress --bpp 4 --size 16 --font /usr/share/fonts/truetype/dejavu/DejaVuSans.ttf -r 0x20-0x7f --font /usr/share/fonts/truetype/droid/DroidSansFallbackFull.ttf --symbols  —…、一上下不且两中为人今他令以件位作保信修像先入全关其再删到刷前功加务单卡取口号合同名后含启员回在地址域备天失头始姓字存定密对小就尽局已带开式当录待快态息成或户拒指按接摄操改数新方无时普更最服未机权束果查校格次正步母法消添清状理生用登的矫码硬确禁秒空管纹绑结络绝绪编网置联能脸致节获菜行言认记设访证试询该语误请败账超辑输达过运近返连通部配重锁错长门闭问间陌限除需非页验黑默，：； --format lvgl --lv-include lvgl.h --no-prefilter -o font/dg_font_cn_16.c
 ******************************************************************************/

#ifdef LV_LVGL_H_INCLUDE_SIMPLE
#include "lvgl.h"
#else
#include "lvgl.h"
#endif

#ifndef DG_FONT_CN_16
#define DG_FONT_CN_16 1
#endif

#if DG_FONT_CN_16

/*-----------------
 *    BITMAPS
 *----------------*/

/*Store the image of the glyphs*/
static LV_ATTRIBUTE_LARGE_CONST const uint8_t glyph_bitmap[] = {
    /* U+0020 " " */

    /* U+0021 "!" */
    0x9f, 0x9f, 0x9f, 0x9f, 0x9f, 0x8f, 0x8e, 0x6d,
    0x0, 0x0, 0x9f, 0x9f,

    /* U+0022 "\"" */
    0x7e, 0x8, 0xd7, 0xe0, 0x8d, 0x7e, 0x8, 0xd7,
    0xe0, 0x8d, 0x24, 0x2, 0x40,

    /* U+0023 "#" */
    0x0, 0x0, 0x5e, 0x0, 0xc7, 0x0, 0x0, 0x0,
    0x8b, 0x0, 0xf3, 0x0, 0x0, 0x0, 0xc8, 0x3,
    0xf0, 0x0, 0x0, 0x0, 0xf4, 0x6, 0xd0, 0x0,
    0xe, 0xff, 0xff, 0xff, 0xff, 0xf3, 0x2, 0x38,
    0xd3, 0x3e, 0x73, 0x30, 0x0, 0xa, 0x90, 0x1f,
    0x20, 0x0, 0x0, 0xe, 0x50, 0x5e, 0x0, 0x0,
    0xcf, 0xff, 0xff, 0xff, 0xff, 0x40, 0x23, 0x8d,
    0x33, 0xe7, 0x33, 0x0, 0x0, 0xa9, 0x2, 0xf1,
    0x0, 0x0, 0x0, 0xf4, 0x6, 0xd0, 0x0, 0x0,

    /* U+0024 "$" */
    0x0, 0x6, 0x60, 0x0, 0x0, 0x6, 0x60, 0x0,
    0x5, 0xce, 0xfd, 0xa1, 0x5f, 0x77, 0x84, 0x91,
    0x9d, 0x6, 0x60, 0x0, 0x8f, 0x36, 0x60, 0x0,
    0x1c, 0xfe, 0xc6, 0x10, 0x0, 0x3a, 0xde, 0xe3,
    0x0, 0x6, 0x60, 0xdb, 0x0, 0x6, 0x60, 0xac,
    0x98, 0x47, 0x87, 0xf7, 0x4a, 0xef, 0xfd, 0x70,
    0x0, 0x6, 0x60, 0x0, 0x0, 0x6, 0x60, 0x0,
    0x0, 0x3, 0x30, 0x0,

    /* U+0025 "%" */
    0x2, 0xbf, 0xc3, 0x0, 0x0, 0xa9, 0x0, 0x0,
    0xca, 0x7, 0xe0, 0x0, 0x4e, 0x0, 0x0, 0xf,
    0x30, 0xf, 0x30, 0xd, 0x50, 0x0, 0x0, 0xf2,
    0x0, 0xf3, 0x8, 0xb0, 0x0, 0x0, 0xc, 0x90,
    0x7e, 0x2, 0xf2, 0x0, 0x0, 0x0, 0x2b, 0xfc,
    0x30, 0xb8, 0x0, 0x0, 0x0, 0x0, 0x0, 0x0,
    0x5e, 0x1, 0xbe, 0xc3, 0x0, 0x0, 0x0, 0xe,
    0x50, 0xba, 0x6, 0xe0, 0x0, 0x0, 0x8, 0xb0,
    0xf, 0x30, 0xf, 0x40, 0x0, 0x2, 0xf2, 0x0,
    0xf3, 0x0, 0xf4, 0x0, 0x0, 0xc7, 0x0, 0xb,
    0xa0, 0x7e, 0x0, 0x0, 0x5d, 0x0, 0x0, 0x1b,
    0xfd, 0x40,

    /* U+0026 "&" */
    0x0, 0x5d, 0xfe, 0xa0, 0x0, 0x0, 0x4f, 0xa4,
    0x6c, 0x10, 0x0, 0x9, 0xe0, 0x0, 0x0, 0x0,
    0x0, 0x8f, 0x10, 0x0, 0x0, 0x0, 0x2, 0xfb,
    0x0, 0x0, 0x0, 0x0, 0xae, 0xfa, 0x0, 0x0,
    0x41, 0x7f, 0x35, 0xfa, 0x0, 0x2f, 0x4d, 0xa0,
    0x5, 0xf9, 0x6, 0xf0, 0xf9, 0x0, 0x6, 0xf9,
    0xd9, 0xc, 0xd0, 0x0, 0x6, 0xff, 0x10, 0x3f,
    0xb3, 0x13, 0xaf, 0xf8, 0x0, 0x3b, 0xef, 0xd9,
    0x27, 0xf7,

    /* U+0027 "'" */
    0x7e, 0x7e, 0x7e, 0x7e, 0x24,

    /* U+0028 "(" */
    0x0, 0x8b, 0x2, 0xf3, 0x9, 0xc0, 0xe, 0x70,
    0x3f, 0x30, 0x7f, 0x0, 0x9f, 0x0, 0x9e, 0x0,
    0x8f, 0x0, 0x5f, 0x10, 0x2f, 0x50, 0xc, 0xa0,
    0x5, 0xf0, 0x0, 0xd7, 0x0, 0x36,

    /* U+0029 ")" */
    0x7c, 0x0, 0xe, 0x50, 0x9, 0xc0, 0x3, 0xf3,
    0x0, 0xf7, 0x0, 0xcb, 0x0, 0xbc, 0x0, 0xad,
    0x0, 0xbc, 0x0, 0xe9, 0x1, 0xf5, 0x6, 0xf0,
    0xb, 0x90, 0x3f, 0x10, 0x45, 0x0,

    /* U+002A "*" */
    0x0, 0x7, 0x70, 0x0, 0x24, 0x7, 0x70, 0x42,
    0x2b, 0xb8, 0x9a, 0xb2, 0x0, 0x4f, 0xf4, 0x0,
    0x5, 0xcb, 0xcc, 0x50, 0x4a, 0x17, 0x71, 0x94,
    0x0, 0x7, 0x70, 0x0, 0x0, 0x2, 0x20, 0x0,

    /* U+002B "+" */
    0x0, 0x0, 0x0, 0x0, 0x0, 0x0, 0x0, 0x0,
    0xf5, 0x0, 0x0, 0x0, 0x0, 0xf, 0x50, 0x0,
    0x0, 0x0, 0x0, 0xf5, 0x0, 0x0, 0x1, 0x11,
    0x1f, 0x61, 0x11, 0x4, 0xff, 0xff, 0xff, 0xff,
    0xfb, 0x14, 0x44, 0x4f, 0x84, 0x44, 0x30, 0x0,
    0x0, 0xf5, 0x0, 0x0, 0x0, 0x0, 0xf, 0x50,
    0x0, 0x0, 0x0, 0x0, 0xf5, 0x0, 0x0, 0x0,
    0x0, 0xf, 0x50, 0x0, 0x0,

    /* U+002C "," */
    0x1d, 0x72, 0xf7, 0x6f, 0x1a, 0x80,

    /* U+002D "-" */
    0x1, 0x11, 0x13, 0xff, 0xff, 0x3, 0x33, 0x30,

    /* U+002E "." */
    0x4f, 0x54, 0xf5,

    /* U+002F "/" */
    0x0, 0x1, 0xf3, 0x0, 0x6, 0xe0, 0x0, 0xb,
    0x90, 0x0, 0xf, 0x40, 0x0, 0x5f, 0x0, 0x0,
    0xaa, 0x0, 0x0, 0xf5, 0x0, 0x4, 0xf1, 0x0,
    0x9, 0xb0, 0x0, 0xe, 0x60, 0x0, 0x3f, 0x10,
    0x0, 0x8c, 0x0, 0x0, 0xd7, 0x0, 0x0,

    /* U+0030 "0" */
    0x1, 0xae, 0xfb, 0x20, 0x0, 0xde, 0x65, 0xde,
    0x10, 0x5f, 0x40, 0x1, 0xf8, 0xa, 0xe0, 0x0,
    0xb, 0xd0, 0xdb, 0x0, 0x0, 0x8f, 0xe, 0xa0,
    0x0, 0x7, 0xf1, 0xea, 0x0, 0x0, 0x7f, 0x1d,
    0xb0, 0x0, 0x8, 0xf0, 0xae, 0x0, 0x0, 0xbd,
    0x6, 0xf3, 0x0, 0x1f, 0x80, 0xd, 0xe6, 0x5d,
    0xe1, 0x0, 0x1a, 0xef, 0xb2, 0x0,

    /* U+0031 "1" */
    0x19, 0xcf, 0xf2, 0x0, 0x3e, 0xbb, 0xf2, 0x0,
    0x0, 0x7, 0xf2, 0x0, 0x0, 0x7, 0xf2, 0x0,
    0x0, 0x7, 0xf2, 0x0, 0x0, 0x7, 0xf2, 0x0,
    0x0, 0x7, 0xf2, 0x0, 0x0, 0x7, 0xf2, 0x0,
    0x0, 0x7, 0xf2, 0x0, 0x0, 0x7, 0xf2, 0x0,
    0x5, 0x59, 0xf6, 0x53, 0xf, 0xff, 0xff, 0xfb,

    /* U+0032 "2" */
    0x49, 0xdf, 0xd9, 0x10, 0xcc, 0x75, 0x8f, 0xd0,
    0x20, 0x0, 0x5, 0xf6, 0x0, 0x0, 0x1, 0xf7,
    0x0, 0x0, 0x5, 0xf5, 0x0, 0x0, 0x1e, 0xc0,
    0x0, 0x0, 0xce, 0x20, 0x0, 0xb, 0xf3, 0x0,
    0x0, 0xbf, 0x30, 0x0, 0xa, 0xf3, 0x0, 0x0,
    0x9f, 0x95, 0x55, 0x53, 0xdf, 0xff, 0xff, 0xf9,

    /* U+0033 "3" */
    0x3b, 0xef, 0xeb, 0x30, 0x5a, 0x75, 0x7d, 0xf3,
    0x0, 0x0, 0x1, 0xf8, 0x0, 0x0, 0x0, 0xf8,
    0x0, 0x0, 0x2a, 0xf2, 0x0, 0xcf, 0xfe, 0x30,
    0x0, 0x23, 0x5c, 0xe3, 0x0, 0x0, 0x0, 0xeb,
    0x0, 0x0, 0x0, 0xbe, 0x0, 0x0, 0x1, 0xeb,
    0xb9, 0x65, 0x8e, 0xf3, 0x6c, 0xef, 0xda, 0x20,

    /* U+0034 "4" */
    0x0, 0x0, 0xa, 0xfa, 0x0, 0x0, 0x0, 0x4e,
    0xfa, 0x0, 0x0, 0x0, 0xe6, 0xfa, 0x0, 0x0,
    0x9, 0xc0, 0xfa, 0x0, 0x0, 0x3f, 0x20, 0xfa,
    0x0, 0x0, 0xc8, 0x0, 0xfa, 0x0, 0x7, 0xe0,
    0x0, 0xfa, 0x0, 0x1f, 0x61, 0x11, 0xfa, 0x10,
    0x3f, 0xff, 0xff, 0xff, 0xf4, 0x4, 0x44, 0x44,
    0xfb, 0x41, 0x0, 0x0, 0x0, 0xfa, 0x0, 0x0,
    0x0, 0x0, 0xfa, 0x0,

    /* U+0035 "5" */
    0x4f, 0xff, 0xff, 0xe0, 0x4f, 0x75, 0x55, 0x40,
    0x4f, 0x20, 0x0, 0x0, 0x4f, 0x20, 0x0, 0x0,
    0x4f, 0xff, 0xfa, 0x20, 0x39, 0x54, 0x7f, 0xe1,
    0x0, 0x0, 0x3, 0xf8, 0x0, 0x0, 0x0, 0xeb,
    0x0, 0x0, 0x0, 0xeb, 0x0, 0x0, 0x4, 0xf8,
    0xb9, 0x66, 0x9f, 0xe1, 0x7c, 0xef, 0xe9, 0x10,

    /* U+0036 "6" */
    0x0, 0x4c, 0xff, 0xc3, 0x0, 0x6f, 0xb7, 0x69,
    0x50, 0x2f, 0x90, 0x0, 0x0, 0x8, 0xf1, 0x0,
    0x0, 0x0, 0xbc, 0x6e, 0xfe, 0x70, 0xd, 0xfe,
    0x64, 0x9f, 0x70, 0xdf, 0x50, 0x0, 0xbe, 0xc,
    0xf0, 0x0, 0x7, 0xf2, 0x9f, 0x0, 0x0, 0x7f,
    0x24, 0xf5, 0x0, 0xc, 0xe0, 0xb, 0xe7, 0x5a,
    0xf6, 0x0, 0x9, 0xef, 0xd5, 0x0,

    /* U+0037 "7" */
    0xbf, 0xff, 0xff, 0xfc, 0x35, 0x55, 0x57, 0xf8,
    0x0, 0x0, 0x8, 0xf2, 0x0, 0x0, 0xe, 0xc0,
    0x0, 0x0, 0x4f, 0x60, 0x0, 0x0, 0xaf, 0x0,
    0x0, 0x0, 0xfa, 0x0, 0x0, 0x6, 0xf4, 0x0,
    0x0, 0xc, 0xe0, 0x0, 0x0, 0x2f, 0x80, 0x0,
    0x0, 0x8f, 0x20, 0x0, 0x0, 0xdc, 0x0, 0x0,

    /* U+0038 "8" */
    0x3, 0xbe, 0xfc, 0x50, 0x3, 0xfc, 0x55, 0xbf,
    0x50, 0x8f, 0x10, 0x0, 0xeb, 0x9, 0xf0, 0x0,
    0xd, 0xb0, 0x2f, 0x91, 0x17, 0xf4, 0x0, 0x3e,
    0xff, 0xf5, 0x0, 0x2e, 0xb4, 0x49, 0xf5, 0xb,
    0xe0, 0x0, 0xb, 0xe0, 0xeb, 0x0, 0x0, 0x8f,
    0x1c, 0xe0, 0x0, 0xb, 0xf0, 0x5f, 0xc5, 0x5a,
    0xf8, 0x0, 0x4c, 0xef, 0xc6, 0x0,

    /* U+0039 "9" */
    0x3, 0xcf, 0xea, 0x10, 0x3, 0xfc, 0x56, 0xed,
    0x0, 0xbe, 0x0, 0x2, 0xf7, 0xe, 0xa0, 0x0,
    0xe, 0xc0, 0xfa, 0x0, 0x0, 0xdf, 0xc, 0xd0,
    0x0, 0x1f, 0xf0, 0x6f, 0x91, 0x2b, 0xff, 0x0,
    0x7f, 0xff, 0xbb, 0xe0, 0x0, 0x2, 0x10, 0xdb,
    0x0, 0x0, 0x0, 0x6f, 0x40, 0x39, 0x66, 0xaf,
    0x90, 0x2, 0xbe, 0xfd, 0x60, 0x0,

    /* U+003A ":" */
    0x2f, 0x81, 0xf8, 0x0, 0x0, 0x0, 0x0, 0x0,
    0x0, 0x1f, 0x82, 0xf8,

    /* U+003B ";" */
    0x2f, 0x81, 0xf8, 0x0, 0x0, 0x0, 0x0, 0x0,
    0x0, 0x1d, 0x72, 0xf7, 0x6f, 0x1a, 0x80,

    /* U+003C "<" */
    0x0, 0x0, 0x0, 0x0, 0x0, 0x20, 0x0, 0x0,
    0x0, 0x28, 0xeb, 0x0, 0x0, 0x16, 0xcf, 0xe8,
    0x20, 0x5, 0xbf, 0xe9, 0x30, 0x0, 0x3f, 0xfa,
    0x50, 0x0, 0x0, 0x3, 0xef, 0xb5, 0x0, 0x0,
    0x0, 0x0, 0x4a, 0xff, 0xa4, 0x0, 0x0, 0x0,
    0x0, 0x5b, 0xfe, 0x93, 0x0, 0x0, 0x0, 0x1,
    0x7d, 0xb0, 0x0, 0x0, 0x0, 0x0, 0x1,

    /* U+003D "=" */
    0x1, 0x11, 0x11, 0x11, 0x11, 0x4, 0xff, 0xff,
    0xff, 0xff, 0xfb, 0x14, 0x44, 0x44, 0x44, 0x44,
    0x20, 0x11, 0x11, 0x11, 0x11, 0x10, 0x4f, 0xff,
    0xff, 0xff, 0xff, 0xb1, 0x44, 0x44, 0x44, 0x44,
    0x42,

    /* U+003E ">" */
    0x11, 0x0, 0x0, 0x0, 0x0, 0x4, 0xfa, 0x40,
    0x0, 0x0, 0x0, 0x6, 0xbf, 0xe9, 0x30, 0x0,
    0x0, 0x0, 0x17, 0xcf, 0xd7, 0x20, 0x0, 0x0,
    0x0, 0x28, 0xef, 0x90, 0x0, 0x0, 0x3, 0x9e,
    0xf8, 0x0, 0x2, 0x8d, 0xfc, 0x61, 0x0, 0x7c,
    0xfe, 0x82, 0x0, 0x0, 0x4f, 0x94, 0x0, 0x0,
    0x0, 0x1, 0x0, 0x0, 0x0, 0x0, 0x0,

    /* U+003F "?" */
    0x4b, 0xef, 0xb3, 0xd, 0xa5, 0x6e, 0xe1, 0x20,
    0x0, 0x4f, 0x40, 0x0, 0x6, 0xf3, 0x0, 0x3,
    0xfa, 0x0, 0x2, 0xeb, 0x0, 0x0, 0xbd, 0x0,
    0x0, 0xe, 0x90, 0x0, 0x0, 0xc8, 0x0, 0x0,
    0x0, 0x0, 0x0, 0x0, 0xea, 0x0, 0x0, 0xf,
    0xa0, 0x0,

    /* U+0040 "@" */
    0x0, 0x0, 0x7b, 0xee, 0xd8, 0x20, 0x0, 0x0,
    0x3e, 0xd6, 0x43, 0x5a, 0xf6, 0x0, 0x3, 0xf6,
    0x0, 0x0, 0x0, 0x3e, 0x60, 0xe, 0x60, 0x0,
    0x0, 0x0, 0x3, 0xf2, 0x6c, 0x0, 0x1a, 0xed,
    0x6c, 0x50, 0xa8, 0xb6, 0x0, 0xbc, 0x44, 0xcf,
    0x50, 0x6c, 0xe3, 0x2, 0xf2, 0x0, 0x2f, 0x50,
    0x4d, 0xe3, 0x4, 0xf0, 0x0, 0xf, 0x50, 0x5c,
    0xc5, 0x2, 0xf1, 0x0, 0x1f, 0x50, 0xb8, 0x8a,
    0x0, 0xda, 0x11, 0xaf, 0x68, 0xe1, 0x1f, 0x30,
    0x2d, 0xff, 0x9c, 0xfa, 0x10, 0x6, 0xe3, 0x0,
    0x11, 0x1, 0x0, 0x0, 0x0, 0x7f, 0x83, 0x0,
    0x16, 0xd4, 0x0, 0x0, 0x2, 0xaf, 0xff, 0xfb,
    0x50, 0x0, 0x0, 0x0, 0x0, 0x11, 0x0, 0x0,
    0x0,

    /* U+0041 "A" */
    0x0, 0x0, 0x9f, 0x80, 0x0, 0x0, 0x0, 0xf,
    0xfe, 0x0, 0x0, 0x0, 0x5, 0xfb, 0xf4, 0x0,
    0x0, 0x0, 0xbe, 0x1f, 0xa0, 0x0, 0x0, 0x1f,
    0x90, 0xaf, 0x10, 0x0, 0x7, 0xf3, 0x4, 0xf6,
    0x0, 0x0, 0xdd, 0x0, 0xe, 0xc0, 0x0, 0x3f,
    0x81, 0x11, 0x9f, 0x20, 0x9, 0xff, 0xff, 0xff,
    0xf8, 0x0, 0xec, 0x44, 0x44, 0x4c, 0xe0, 0x5f,
    0x50, 0x0, 0x0, 0x6f, 0x4b, 0xf0, 0x0, 0x0,
    0x0, 0xfa,

    /* U+0042 "B" */
    0x6f, 0xff, 0xfe, 0xa2, 0x6, 0xf6, 0x44, 0x7e,
    0xe0, 0x6f, 0x20, 0x0, 0x5f, 0x46, 0xf2, 0x0,
    0x4, 0xf4, 0x6f, 0x30, 0x3, 0xce, 0x6, 0xff,
    0xff, 0xfd, 0x20, 0x6f, 0x53, 0x35, 0xce, 0x26,
    0xf2, 0x0, 0x1, 0xfa, 0x6f, 0x20, 0x0, 0xd,
    0xc6, 0xf2, 0x0, 0x1, 0xfb, 0x6f, 0x64, 0x46,
    0xdf, 0x46, 0xff, 0xff, 0xeb, 0x40,

    /* U+0043 "C" */
    0x0, 0x3, 0xae, 0xfe, 0xb5, 0x0, 0x6, 0xfd,
    0x75, 0x6a, 0xf4, 0x3, 0xfa, 0x0, 0x0, 0x2,
    0x30, 0xaf, 0x10, 0x0, 0x0, 0x0, 0xf, 0xb0,
    0x0, 0x0, 0x0, 0x0, 0xf9, 0x0, 0x0, 0x0,
    0x0, 0xf, 0x90, 0x0, 0x0, 0x0, 0x0, 0xfb,
    0x0, 0x0, 0x0, 0x0, 0xa, 0xf1, 0x0, 0x0,
    0x0, 0x0, 0x3f, 0xa0, 0x0, 0x0, 0x23, 0x0,
    0x6f, 0xd7, 0x56, 0xaf, 0x40, 0x0, 0x3a, 0xef,
    0xeb, 0x50,

    /* U+0044 "D" */
    0x6f, 0xff, 0xfd, 0xa5, 0x0, 0x6, 0xf6, 0x45,
    0x7b, 0xfb, 0x0, 0x6f, 0x20, 0x0, 0x6, 0xf9,
    0x6, 0xf2, 0x0, 0x0, 0xb, 0xf0, 0x6f, 0x20,
    0x0, 0x0, 0x6f, 0x36, 0xf2, 0x0, 0x0, 0x4,
    0xf5, 0x6f, 0x20, 0x0, 0x0, 0x5f, 0x56, 0xf2,
    0x0, 0x0, 0x6, 0xf3, 0x6f, 0x20, 0x0, 0x0,
    0xbf, 0x6, 0xf2, 0x0, 0x0, 0x6f, 0x80, 0x6f,
    0x64, 0x57, 0xbf, 0xb0, 0x6, 0xff, 0xff, 0xea,
    0x50, 0x0,

    /* U+0045 "E" */
    0x6f, 0xff, 0xff, 0xff, 0x6, 0xf6, 0x55, 0x55,
    0x50, 0x6f, 0x20, 0x0, 0x0, 0x6, 0xf2, 0x0,
    0x0, 0x0, 0x6f, 0x31, 0x11, 0x10, 0x6, 0xff,
    0xff, 0xff, 0xb0, 0x6f, 0x54, 0x44, 0x42, 0x6,
    0xf2, 0x0, 0x0, 0x0, 0x6f, 0x20, 0x0, 0x0,
    0x6, 0xf2, 0x0, 0x0, 0x0, 0x6f, 0x65, 0x55,
    0x55, 0x6, 0xff, 0xff, 0xff, 0xf1,

    /* U+0046 "F" */
    0x6f, 0xff, 0xff, 0xf4, 0x6f, 0x65, 0x55, 0x51,
    0x6f, 0x20, 0x0, 0x0, 0x6f, 0x20, 0x0, 0x0,
    0x6f, 0x31, 0x11, 0x0, 0x6f, 0xff, 0xff, 0xc0,
    0x6f, 0x54, 0x44, 0x30, 0x6f, 0x20, 0x0, 0x0,
    0x6f, 0x20, 0x0, 0x0, 0x6f, 0x20, 0x0, 0x0,
    0x6f, 0x20, 0x0, 0x0, 0x6f, 0x20, 0x0, 0x0,

    /* U+0047 "G" */
    0x0, 0x3, 0xae, 0xff, 0xc8, 0x10, 0x0, 0x6f,
    0xd7, 0x55, 0x9e, 0xc0, 0x3, 0xfa, 0x0, 0x0,
    0x1, 0x70, 0xb, 0xf1, 0x0, 0x0, 0x0, 0x0,
    0xf, 0xb0, 0x0, 0x0, 0x0, 0x0, 0xf, 0x90,
    0x0, 0x0, 0x0, 0x0, 0x1f, 0x90, 0x0, 0xf,
    0xff, 0xf1, 0xf, 0xb0, 0x0, 0x3, 0x39, 0xf1,
    0xb, 0xf1, 0x0, 0x0, 0x7, 0xf1, 0x3, 0xfa,
    0x0, 0x0, 0x7, 0xf1, 0x0, 0x6f, 0xd7, 0x55,
    0x8d, 0xf1, 0x0, 0x3, 0xae, 0xff, 0xc7, 0x10,

    /* U+0048 "H" */
    0x6f, 0x20, 0x0, 0x1, 0xf7, 0x6f, 0x20, 0x0,
    0x1, 0xf7, 0x6f, 0x20, 0x0, 0x1, 0xf7, 0x6f,
    0x20, 0x0, 0x1, 0xf7, 0x6f, 0x31, 0x11, 0x12,
    0xf7, 0x6f, 0xff, 0xff, 0xff, 0xf7, 0x6f, 0x54,
    0x44, 0x45, 0xf7, 0x6f, 0x20, 0x0, 0x1, 0xf7,
    0x6f, 0x20, 0x0, 0x1, 0xf7, 0x6f, 0x20, 0x0,
    0x1, 0xf7, 0x6f, 0x20, 0x0, 0x1, 0xf7, 0x6f,
    0x20, 0x0, 0x1, 0xf7,

    /* U+0049 "I" */
    0x6f, 0x26, 0xf2, 0x6f, 0x26, 0xf2, 0x6f, 0x26,
    0xf2, 0x6f, 0x26, 0xf2, 0x6f, 0x26, 0xf2, 0x6f,
    0x26, 0xf2,

    /* U+004A "J" */
    0x0, 0x6f, 0x20, 0x6, 0xf2, 0x0, 0x6f, 0x20,
    0x6, 0xf2, 0x0, 0x6f, 0x20, 0x6, 0xf2, 0x0,
    0x6f, 0x20, 0x6, 0xf2, 0x0, 0x6f, 0x20, 0x6,
    0xf2, 0x0, 0x6f, 0x20, 0x7, 0xf2, 0x0, 0xaf,
    0x4, 0x8f, 0xa0, 0xde, 0x90, 0x0,

    /* U+004B "K" */
    0x6f, 0x20, 0x0, 0x3e, 0xd1, 0x6f, 0x20, 0x3,
    0xec, 0x10, 0x6f, 0x20, 0x3f, 0xc0, 0x0, 0x6f,
    0x24, 0xfb, 0x0, 0x0, 0x6f, 0x7f, 0xb0, 0x0,
    0x0, 0x6f, 0xfd, 0x0, 0x0, 0x0, 0x6f, 0xbf,
    0x80, 0x0, 0x0, 0x6f, 0x29, 0xf7, 0x0, 0x0,
    0x6f, 0x20, 0xaf, 0x70, 0x0, 0x6f, 0x20, 0xa,
    0xf6, 0x0, 0x6f, 0x20, 0x0, 0xaf, 0x60, 0x6f,
    0x20, 0x0, 0xb, 0xf5,

    /* U+004C "L" */
    0x6f, 0x20, 0x0, 0x0, 0x6f, 0x20, 0x0, 0x0,
    0x6f, 0x20, 0x0, 0x0, 0x6f, 0x20, 0x0, 0x0,
    0x6f, 0x20, 0x0, 0x0, 0x6f, 0x20, 0x0, 0x0,
    0x6f, 0x20, 0x0, 0x0, 0x6f, 0x20, 0x0, 0x0,
    0x6f, 0x20, 0x0, 0x0, 0x6f, 0x20, 0x0, 0x0,
    0x6f, 0x65, 0x55, 0x54, 0x6f, 0xff, 0xff, 0xfd,

    /* U+004D "M" */
    0x6f, 0xf1, 0x0, 0x0, 0x4f, 0xf4, 0x6f, 0xf7,
    0x0, 0x0, 0xaf, 0xf4, 0x6f, 0xad, 0x0, 0x0,
    0xf9, 0xf4, 0x6f, 0x4f, 0x30, 0x6, 0xe5, 0xf4,
    0x6f, 0x1c, 0x90, 0xc, 0x94, 0xf4, 0x6f, 0x16,
    0xe0, 0x2f, 0x34, 0xf4, 0x6f, 0x11, 0xf4, 0x7d,
    0x4, 0xf4, 0x6f, 0x10, 0xba, 0xd8, 0x4, 0xf4,
    0x6f, 0x10, 0x5f, 0xf2, 0x4, 0xf4, 0x6f, 0x10,
    0xa, 0x90, 0x4, 0xf4, 0x6f, 0x10, 0x0, 0x0,
    0x4, 0xf4, 0x6f, 0x10, 0x0, 0x0, 0x4, 0xf4,

    /* U+004E "N" */
    0x6f, 0xe0, 0x0, 0x2, 0xf6, 0x6f, 0xf7, 0x0,
    0x2, 0xf6, 0x6f, 0xbe, 0x0, 0x2, 0xf6, 0x6f,
    0x3f, 0x80, 0x2, 0xf6, 0x6f, 0x19, 0xf1, 0x2,
    0xf6, 0x6f, 0x11, 0xf8, 0x2, 0xf6, 0x6f, 0x10,
    0x8f, 0x12, 0xf6, 0x6f, 0x10, 0x1f, 0x92, 0xf6,
    0x6f, 0x10, 0x8, 0xf3, 0xf6, 0x6f, 0x10, 0x1,
    0xfb, 0xf6, 0x6f, 0x10, 0x0, 0x7f, 0xf6, 0x6f,
    0x10, 0x0, 0xe, 0xf6,

    /* U+004F "O" */
    0x0, 0x4, 0xbe, 0xfd, 0x91, 0x0, 0x0, 0x7f,
    0xc6, 0x58, 0xee, 0x20, 0x3, 0xfa, 0x0, 0x0,
    0x2f, 0xd0, 0xa, 0xf1, 0x0, 0x0, 0x7, 0xf4,
    0xf, 0xb0, 0x0, 0x0, 0x2, 0xf8, 0xf, 0x90,
    0x0, 0x0, 0x0, 0xfa, 0x1f, 0x90, 0x0, 0x0,
    0x0, 0xfa, 0xf, 0xb0, 0x0, 0x0, 0x2, 0xf8,
    0xb, 0xf1, 0x0, 0x0, 0x7, 0xf4, 0x3, 0xfa,
    0x0, 0x0, 0x2e, 0xd0, 0x0, 0x7f, 0xc6, 0x58,
    0xee, 0x20, 0x0, 0x4, 0xbe, 0xfd, 0x91, 0x0,

    /* U+0050 "P" */
    0x6f, 0xff, 0xfc, 0x60, 0x6, 0xf6, 0x45, 0xbf,
    0x80, 0x6f, 0x20, 0x0, 0xdf, 0x6, 0xf2, 0x0,
    0x9, 0xf1, 0x6f, 0x20, 0x0, 0xbf, 0x6, 0xf3,
    0x1, 0x7f, 0xa0, 0x6f, 0xff, 0xff, 0xa1, 0x6,
    0xf5, 0x32, 0x0, 0x0, 0x6f, 0x20, 0x0, 0x0,
    0x6, 0xf2, 0x0, 0x0, 0x0, 0x6f, 0x20, 0x0,
    0x0, 0x6, 0xf2, 0x0, 0x0, 0x0,

    /* U+0051 "Q" */
    0x0, 0x4, 0xbe, 0xfd, 0x81, 0x0, 0x0, 0x7f,
    0xc6, 0x58, 0xee, 0x20, 0x3, 0xfa, 0x0, 0x0,
    0x2f, 0xc0, 0xa, 0xf1, 0x0, 0x0, 0x8, 0xf4,
    0xf, 0xb0, 0x0, 0x0, 0x2, 0xf8, 0xf, 0x90,
    0x0, 0x0, 0x0, 0xfa, 0x1f, 0x90, 0x0, 0x0,
    0x0, 0xfa, 0xf, 0xb0, 0x0, 0x0, 0x2, 0xf8,
    0xb, 0xf1, 0x0, 0x0, 0x7, 0xf4, 0x3, 0xfa,
    0x0, 0x0, 0x2e, 0xd0, 0x0, 0x7f, 0xc6, 0x47,
    0xef, 0x30, 0x0, 0x4, 0xbe, 0xff, 0xd2, 0x0,
    0x0, 0x0, 0x0, 0x9, 0xf4, 0x0, 0x0, 0x0,
    0x0, 0x0, 0xbf, 0x30,

    /* U+0052 "R" */
    0x6f, 0xff, 0xfd, 0x80, 0x0, 0x6f, 0x64, 0x5a,
    0xf8, 0x0, 0x6f, 0x20, 0x0, 0xcf, 0x0, 0x6f,
    0x20, 0x0, 0x9f, 0x10, 0x6f, 0x20, 0x0, 0xbe,
    0x0, 0x6f, 0x30, 0x16, 0xf6, 0x0, 0x6f, 0xff,
    0xff, 0x90, 0x0, 0x6f, 0x53, 0x5c, 0xf5, 0x0,
    0x6f, 0x20, 0x0, 0xde, 0x0, 0x6f, 0x20, 0x0,
    0x5f, 0x70, 0x6f, 0x20, 0x0, 0xc, 0xe0, 0x6f,
    0x20, 0x0, 0x4, 0xf6,

    /* U+0053 "S" */
    0x4, 0xbe, 0xfd, 0xa4, 0x6, 0xfc, 0x65, 0x7b,
    0x80, 0xdd, 0x0, 0x0, 0x0, 0xe, 0xb0, 0x0,
    0x0, 0x0, 0xaf, 0x71, 0x0, 0x0, 0x1, 0xcf,
    0xfe, 0xa4, 0x0, 0x0, 0x27, 0xbf, 0xf7, 0x0,
    0x0, 0x0, 0x1c, 0xf1, 0x0, 0x0, 0x0, 0x6f,
    0x32, 0x0, 0x0, 0x9, 0xf2, 0xec, 0x75, 0x5a,
    0xfb, 0x5, 0xad, 0xff, 0xd7, 0x0,

    /* U+0054 "T" */
    0xf, 0xff, 0xff, 0xff, 0xff, 0xd0, 0x55, 0x55,
    0xec, 0x55, 0x54, 0x0, 0x0, 0xe, 0xb0, 0x0,
    0x0, 0x0, 0x0, 0xeb, 0x0, 0x0, 0x0, 0x0,
    0xe, 0xb0, 0x0, 0x0, 0x0, 0x0, 0xeb, 0x0,
    0x0, 0x0, 0x0, 0xe, 0xb0, 0x0, 0x0, 0x0,
    0x0, 0xeb, 0x0, 0x0, 0x0, 0x0, 0xe, 0xb0,
    0x0, 0x0, 0x0, 0x0, 0xeb, 0x0, 0x0, 0x0,
    0x0, 0xe, 0xb0, 0x0, 0x0, 0x0, 0x0, 0xeb,
    0x0, 0x0,

    /* U+0055 "U" */
    0x9f, 0x0, 0x0, 0x4, 0xf5, 0x9f, 0x0, 0x0,
    0x4, 0xf5, 0x9f, 0x0, 0x0, 0x4, 0xf5, 0x9f,
    0x0, 0x0, 0x4, 0xf5, 0x9f, 0x0, 0x0, 0x4,
    0xf5, 0x9f, 0x0, 0x0, 0x4, 0xf5, 0x9f, 0x0,
    0x0, 0x4, 0xf5, 0x9f, 0x0, 0x0, 0x4, 0xf5,
    0x8f, 0x10, 0x0, 0x6, 0xf3, 0x4f, 0x70, 0x0,
    0xb, 0xe0, 0xb, 0xf9, 0x56, 0xbf, 0x60, 0x0,
    0x8d, 0xff, 0xc5, 0x0,

    /* U+0056 "V" */
    0xbe, 0x0, 0x0, 0x0, 0xf, 0xa5, 0xf5, 0x0,
    0x0, 0x6, 0xf4, 0xe, 0xb0, 0x0, 0x0, 0xbe,
    0x0, 0x9f, 0x10, 0x0, 0x1f, 0x80, 0x3, 0xf6,
    0x0, 0x7, 0xf2, 0x0, 0xd, 0xc0, 0x0, 0xdc,
    0x0, 0x0, 0x7f, 0x20, 0x3f, 0x60, 0x0, 0x1,
    0xf8, 0x9, 0xf1, 0x0, 0x0, 0xb, 0xe0, 0xea,
    0x0, 0x0, 0x0, 0x5f, 0x8f, 0x40, 0x0, 0x0,
    0x0, 0xff, 0xe0, 0x0, 0x0, 0x0, 0x9, 0xf8,
    0x0, 0x0,

    /* U+0057 "W" */
    0x5f, 0x30, 0x0, 0x1f, 0xe0, 0x0, 0x6, 0xf2,
    0x1f, 0x70, 0x0, 0x5f, 0xf2, 0x0, 0xa, 0xe0,
    0xd, 0xb0, 0x0, 0x9b, 0xd6, 0x0, 0xe, 0xa0,
    0x9, 0xf0, 0x0, 0xd7, 0xaa, 0x0, 0x2f, 0x70,
    0x6, 0xf3, 0x1, 0xf3, 0x6e, 0x0, 0x6f, 0x30,
    0x2, 0xf7, 0x4, 0xf0, 0x2f, 0x20, 0xaf, 0x0,
    0x0, 0xeb, 0x8, 0xb0, 0xe, 0x50, 0xdb, 0x0,
    0x0, 0xae, 0xc, 0x80, 0xa, 0x91, 0xf7, 0x0,
    0x0, 0x6f, 0x3f, 0x40, 0x7, 0xd5, 0xf3, 0x0,
    0x0, 0x2f, 0xbf, 0x0, 0x3, 0xfb, 0xf0, 0x0,
    0x0, 0xe, 0xfc, 0x0, 0x0, 0xff, 0xb0, 0x0,
    0x0, 0xa, 0xf8, 0x0, 0x0, 0xbf, 0x70, 0x0,

    /* U+0058 "X" */
    0xa, 0xe1, 0x0, 0x0, 0xcd, 0x0, 0x1e, 0xa0,
    0x0, 0x7f, 0x30, 0x0, 0x5f, 0x50, 0x2f, 0x90,
    0x0, 0x0, 0xbe, 0x1c, 0xe0, 0x0, 0x0, 0x1,
    0xfd, 0xf4, 0x0, 0x0, 0x0, 0x8, 0xfa, 0x0,
    0x0, 0x0, 0x0, 0xef, 0xe0, 0x0, 0x0, 0x0,
    0x9f, 0x4f, 0x90, 0x0, 0x0, 0x3f, 0x70, 0x7f,
    0x30, 0x0, 0xd, 0xc0, 0x0, 0xdd, 0x0, 0x8,
    0xf2, 0x0, 0x3, 0xf8, 0x3, 0xf8, 0x0, 0x0,
    0x8, 0xf2,

    /* U+0059 "Y" */
    0xb, 0xe1, 0x0, 0x0, 0x3f, 0x70, 0x1f, 0xa0,
    0x0, 0xd, 0xc0, 0x0, 0x6f, 0x40, 0x8, 0xf3,
    0x0, 0x0, 0xbe, 0x12, 0xf8, 0x0, 0x0, 0x2,
    0xfa, 0xcd, 0x0, 0x0, 0x0, 0x6, 0xff, 0x30,
    0x0, 0x0, 0x0, 0xe, 0xb0, 0x0, 0x0, 0x0,
    0x0, 0xeb, 0x0, 0x0, 0x0, 0x0, 0xe, 0xb0,
    0x0, 0x0, 0x0, 0x0, 0xeb, 0x0, 0x0, 0x0,
    0x0, 0xe, 0xb0, 0x0, 0x0, 0x0, 0x0, 0xeb,
    0x0, 0x0,

    /* U+005A "Z" */
    0x1f, 0xff, 0xff, 0xff, 0xff, 0x10, 0x55, 0x55,
    0x55, 0x7f, 0xc0, 0x0, 0x0, 0x0, 0xc, 0xe2,
    0x0, 0x0, 0x0, 0x9, 0xf4, 0x0, 0x0, 0x0,
    0x6, 0xf7, 0x0, 0x0, 0x0, 0x3, 0xfb, 0x0,
    0x0, 0x0, 0x1, 0xdd, 0x10, 0x0, 0x0, 0x0,
    0xbf, 0x30, 0x0, 0x0, 0x0, 0x7f, 0x60, 0x0,
    0x0, 0x0, 0x4f, 0x90, 0x0, 0x0, 0x0, 0x1e,
    0xf5, 0x55, 0x55, 0x55, 0x14, 0xff, 0xff, 0xff,
    0xff, 0xf4,

    /* U+005B "[" */
    0xaf, 0xfb, 0xad, 0x21, 0xad, 0x0, 0xad, 0x0,
    0xad, 0x0, 0xad, 0x0, 0xad, 0x0, 0xad, 0x0,
    0xad, 0x0, 0xad, 0x0, 0xad, 0x0, 0xad, 0x0,
    0xad, 0x0, 0xaf, 0xfa, 0x12, 0x21,

    /* U+005C "\\" */
    0xd7, 0x0, 0x0, 0x8c, 0x0, 0x0, 0x3f, 0x10,
    0x0, 0xe, 0x60, 0x0, 0x9, 0xb0, 0x0, 0x4,
    0xf1, 0x0, 0x0, 0xf5, 0x0, 0x0, 0xaa, 0x0,
    0x0, 0x5f, 0x0, 0x0, 0xf, 0x40, 0x0, 0xb,
    0x90, 0x0, 0x6, 0xe0, 0x0, 0x1, 0xf3,

    /* U+005D "]" */
    0x7f, 0xfe, 0x2, 0xae, 0x0, 0x9e, 0x0, 0x9e,
    0x0, 0x9e, 0x0, 0x9e, 0x0, 0x9e, 0x0, 0x9e,
    0x0, 0x9e, 0x0, 0x9e, 0x0, 0x9e, 0x0, 0x9e,
    0x0, 0x9e, 0x6f, 0xfe, 0x2, 0x21,

    /* U+005E "^" */
    0x0, 0x0, 0x28, 0x50, 0x0, 0x0, 0x0, 0x1e,
    0xff, 0x60, 0x0, 0x0, 0x1d, 0xd1, 0x8f, 0x50,
    0x0, 0x1d, 0xc1, 0x0, 0x7f, 0x50, 0xc, 0xc0,
    0x0, 0x0, 0x6f, 0x40,

    /* U+005F "_" */
    0x2f, 0xff, 0xff, 0xff, 0xf2, 0x2, 0x22, 0x22,
    0x22, 0x20,

    /* U+0060 "`" */
    0x4f, 0x40, 0x0, 0x6e, 0x10, 0x0, 0x8b, 0x0,

    /* U+0061 "a" */
    0x2, 0xae, 0xfd, 0x90, 0x0, 0x48, 0x53, 0x6d,
    0xc0, 0x0, 0x0, 0x0, 0x3f, 0x20, 0x7, 0xce,
    0xff, 0xf5, 0x8, 0xf6, 0x32, 0x3f, 0x50, 0xe8,
    0x0, 0x3, 0xf5, 0xf, 0x70, 0x0, 0x8f, 0x50,
    0xbd, 0x20, 0x6e, 0xf5, 0x1, 0xae, 0xfb, 0x3f,
    0x50,

    /* U+0062 "b" */
    0x8e, 0x0, 0x0, 0x0, 0x8, 0xe0, 0x0, 0x0,
    0x0, 0x8e, 0x0, 0x0, 0x0, 0x8, 0xe3, 0xcf,
    0xe7, 0x0, 0x8f, 0xe6, 0x49, 0xf6, 0x8, 0xf5,
    0x0, 0xa, 0xe0, 0x8f, 0x0, 0x0, 0x5f, 0x28,
    0xe0, 0x0, 0x3, 0xf3, 0x8f, 0x0, 0x0, 0x5f,
    0x28, 0xf5, 0x0, 0xa, 0xe0, 0x8f, 0xe6, 0x49,
    0xf6, 0x8, 0xe3, 0xcf, 0xe7, 0x0,

    /* U+0063 "c" */
    0x0, 0x2a, 0xef, 0xd7, 0x3, 0xfd, 0x54, 0x69,
    0xb, 0xe0, 0x0, 0x0, 0xf, 0x80, 0x0, 0x0,
    0x1f, 0x70, 0x0, 0x0, 0xf, 0x80, 0x0, 0x0,
    0xb, 0xe0, 0x0, 0x0, 0x3, 0xfd, 0x64, 0x69,
    0x0, 0x3b, 0xff, 0xd7,

    /* U+0064 "d" */
    0x0, 0x0, 0x0, 0xb, 0xb0, 0x0, 0x0, 0x0,
    0xbb, 0x0, 0x0, 0x0, 0xb, 0xb0, 0x5, 0xdf,
    0xd5, 0xbb, 0x4, 0xfb, 0x45, 0xee, 0xb0, 0xcd,
    0x0, 0x3, 0xfb, 0xf, 0x80, 0x0, 0xd, 0xb1,
    0xf6, 0x0, 0x0, 0xcb, 0xf, 0x70, 0x0, 0xd,
    0xb0, 0xcb, 0x0, 0x2, 0xfb, 0x4, 0xf7, 0x2,
    0xcf, 0xb0, 0x5, 0xdf, 0xd6, 0xbb,

    /* U+0065 "e" */
    0x0, 0x2b, 0xff, 0xc3, 0x0, 0x2f, 0xc5, 0x4a,
    0xf3, 0xb, 0xe0, 0x0, 0xd, 0xa0, 0xf8, 0x0,
    0x0, 0x8e, 0x1f, 0xff, 0xff, 0xff, 0xf0, 0xf9,
    0x22, 0x22, 0x22, 0xb, 0xd0, 0x0, 0x0, 0x0,
    0x2f, 0xc6, 0x45, 0x88, 0x0, 0x2a, 0xef, 0xeb,
    0x40,

    /* U+0066 "f" */
    0x0, 0x5d, 0xff, 0x1, 0xf9, 0x33, 0x3, 0xf3,
    0x0, 0xaf, 0xff, 0xf9, 0x15, 0xf4, 0x21, 0x4,
    0xf3, 0x0, 0x4, 0xf3, 0x0, 0x4, 0xf3, 0x0,
    0x4, 0xf3, 0x0, 0x4, 0xf3, 0x0, 0x4, 0xf3,
    0x0, 0x4, 0xf3, 0x0,

    /* U+0067 "g" */
    0x0, 0x5d, 0xfd, 0x5b, 0xb0, 0x4f, 0xa4, 0x5d,
    0xeb, 0xc, 0xc0, 0x0, 0x2f, 0xb0, 0xf7, 0x0,
    0x0, 0xdb, 0x1f, 0x60, 0x0, 0xc, 0xb0, 0xf7,
    0x0, 0x0, 0xdb, 0xc, 0xc0, 0x0, 0x2f, 0xb0,
    0x4f, 0xa4, 0x5d, 0xeb, 0x0, 0x5d, 0xfd, 0x5c,
    0xa0, 0x0, 0x0, 0x1, 0xf7, 0x0, 0x94, 0x35,
    0xde, 0x10, 0xb, 0xef, 0xea, 0x20,

    /* U+0068 "h" */
    0x8e, 0x0, 0x0, 0x0, 0x8e, 0x0, 0x0, 0x0,
    0x8e, 0x0, 0x0, 0x0, 0x8e, 0x2b, 0xfd, 0x60,
    0x8f, 0xd7, 0x49, 0xf4, 0x8f, 0x40, 0x0, 0xda,
    0x8f, 0x0, 0x0, 0xac, 0x8e, 0x0, 0x0, 0xac,
    0x8e, 0x0, 0x0, 0xac, 0x8e, 0x0, 0x0, 0xac,
    0x8e, 0x0, 0x0, 0xac, 0x8e, 0x0, 0x0, 0xac,

    /* U+0069 "i" */
    0x7f, 0x6c, 0x0, 0x7f, 0x7f, 0x7f, 0x7f, 0x7f,
    0x7f, 0x7f, 0x7f, 0x7f,

    /* U+006A "j" */
    0x0, 0x7f, 0x0, 0x6c, 0x0, 0x0, 0x0, 0x7f,
    0x0, 0x7f, 0x0, 0x7f, 0x0, 0x7f, 0x0, 0x7f,
    0x0, 0x7f, 0x0, 0x7f, 0x0, 0x7f, 0x0, 0x7f,
    0x0, 0x8e, 0x14, 0xda, 0x4f, 0xb2,

    /* U+006B "k" */
    0x8e, 0x0, 0x0, 0x0, 0x8, 0xe0, 0x0, 0x0,
    0x0, 0x8e, 0x0, 0x0, 0x0, 0x8, 0xe0, 0x0,
    0x6f, 0x70, 0x8e, 0x0, 0x7f, 0x60, 0x8, 0xe0,
    0x9f, 0x40, 0x0, 0x8e, 0xae, 0x30, 0x0, 0x8,
    0xff, 0xb0, 0x0, 0x0, 0x8e, 0x3f, 0xa0, 0x0,
    0x8, 0xe0, 0x3f, 0xa0, 0x0, 0x8e, 0x0, 0x3f,
    0xa0, 0x8, 0xe0, 0x0, 0x3f, 0xb0,

    /* U+006C "l" */
    0x7f, 0x7f, 0x7f, 0x7f, 0x7f, 0x7f, 0x7f, 0x7f,
    0x7f, 0x7f, 0x7f, 0x7f,

    /* U+006D "m" */
    0x8e, 0x3c, 0xfd, 0x50, 0x6d, 0xfb, 0x10, 0x8f,
    0xd6, 0x4b, 0xf8, 0xc5, 0x5e, 0xb0, 0x8f, 0x40,
    0x1, 0xfe, 0x0, 0x6, 0xf1, 0x8f, 0x0, 0x0,
    0xea, 0x0, 0x3, 0xf3, 0x8e, 0x0, 0x0, 0xe9,
    0x0, 0x3, 0xf3, 0x8e, 0x0, 0x0, 0xe9, 0x0,
    0x3, 0xf3, 0x8e, 0x0, 0x0, 0xe9, 0x0, 0x3,
    0xf3, 0x8e, 0x0, 0x0, 0xe9, 0x0, 0x3, 0xf3,
    0x8e, 0x0, 0x0, 0xe9, 0x0, 0x3, 0xf3,

    /* U+006E "n" */
    0x8e, 0x3c, 0xfd, 0x60, 0x8f, 0xc4, 0x16, 0xf4,
    0x8f, 0x30, 0x0, 0xda, 0x8f, 0x0, 0x0, 0xac,
    0x8e, 0x0, 0x0, 0xac, 0x8e, 0x0, 0x0, 0xac,
    0x8e, 0x0, 0x0, 0xac, 0x8e, 0x0, 0x0, 0xac,
    0x8e, 0x0, 0x0, 0xac,

    /* U+006F "o" */
    0x0, 0x4c, 0xff, 0xb2, 0x0, 0x4f, 0xb4, 0x5d,
    0xe1, 0xc, 0xd0, 0x0, 0x1f, 0x90, 0xf8, 0x0,
    0x0, 0xbd, 0x1f, 0x60, 0x0, 0xa, 0xe0, 0xf8,
    0x0, 0x0, 0xbd, 0xc, 0xd0, 0x0, 0x1f, 0x90,
    0x4f, 0xb5, 0x5d, 0xe1, 0x0, 0x4c, 0xff, 0xb2,
    0x0,

    /* U+0070 "p" */
    0x8e, 0x4d, 0xfe, 0x70, 0x8, 0xfd, 0x30, 0x6f,
    0x60, 0x8f, 0x40, 0x0, 0x9e, 0x8, 0xf0, 0x0,
    0x4, 0xf2, 0x8e, 0x0, 0x0, 0x3f, 0x38, 0xf0,
    0x0, 0x5, 0xf2, 0x8f, 0x60, 0x0, 0xbe, 0x8,
    0xfe, 0x74, 0x9f, 0x60, 0x8e, 0x3c, 0xfe, 0x70,
    0x8, 0xe0, 0x0, 0x0, 0x0, 0x8e, 0x0, 0x0,
    0x0, 0x8, 0xe0, 0x0, 0x0, 0x0,

    /* U+0071 "q" */
    0x0, 0x5d, 0xfd, 0x5b, 0xb0, 0x4f, 0xa4, 0x5e,
    0xeb, 0xc, 0xd0, 0x0, 0x3f, 0xb0, 0xf7, 0x0,
    0x0, 0xdb, 0x1f, 0x60, 0x0, 0xc, 0xb0, 0xf7,
    0x0, 0x0, 0xdb, 0xc, 0xd0, 0x0, 0x3f, 0xb0,
    0x4f, 0xb4, 0x5e, 0xeb, 0x0, 0x5d, 0xfd, 0x5b,
    0xb0, 0x0, 0x0, 0x0, 0xbb, 0x0, 0x0, 0x0,
    0xb, 0xb0, 0x0, 0x0, 0x0, 0xbb,

    /* U+0072 "r" */
    0x0, 0x0, 0x0, 0x8e, 0x4c, 0xf9, 0x8f, 0xd4,
    0x12, 0x8f, 0x40, 0x0, 0x8f, 0x0, 0x0, 0x8e,
    0x0, 0x0, 0x8e, 0x0, 0x0, 0x8e, 0x0, 0x0,
    0x8e, 0x0, 0x0, 0x8e, 0x0, 0x0,

    /* U+0073 "s" */
    0x1, 0xae, 0xfe, 0xb0, 0xc, 0xd5, 0x35, 0x91,
    0xf, 0x60, 0x0, 0x0, 0xc, 0xe6, 0x20, 0x0,
    0x1, 0x9e, 0xfe, 0x70, 0x0, 0x0, 0x28, 0xf5,
    0x0, 0x0, 0x0, 0xf8, 0x1c, 0x64, 0x49, 0xf3,
    0x9, 0xdf, 0xfc, 0x40,

    /* U+0074 "t" */
    0x4, 0x70, 0x0, 0x8, 0xf0, 0x0, 0x8, 0xf0,
    0x0, 0x9f, 0xff, 0xfe, 0x19, 0xf2, 0x21, 0x8,
    0xf0, 0x0, 0x8, 0xf0, 0x0, 0x8, 0xf0, 0x0,
    0x8, 0xf0, 0x0, 0x7, 0xf0, 0x0, 0x5, 0xf6,
    0x32, 0x0, 0x9e, 0xfe,

    /* U+0075 "u" */
    0xac, 0x0, 0x0, 0xcb, 0xac, 0x0, 0x0, 0xcb,
    0xac, 0x0, 0x0, 0xcb, 0xac, 0x0, 0x0, 0xcb,
    0xac, 0x0, 0x0, 0xcb, 0x9d, 0x0, 0x0, 0xcb,
    0x7e, 0x0, 0x1, 0xfb, 0x2f, 0x81, 0x2b, 0xfb,
    0x5, 0xdf, 0xd5, 0xcb,

    /* U+0076 "v" */
    0x5f, 0x20, 0x0, 0xb, 0xd0, 0xf8, 0x0, 0x1,
    0xf7, 0x9, 0xe0, 0x0, 0x7f, 0x10, 0x3f, 0x40,
    0xc, 0xb0, 0x0, 0xda, 0x2, 0xf5, 0x0, 0x8,
    0xf0, 0x8f, 0x0, 0x0, 0x2f, 0x5e, 0xa0, 0x0,
    0x0, 0xce, 0xf4, 0x0, 0x0, 0x6, 0xfe, 0x0,
    0x0,

    /* U+0077 "w" */
    0x3f, 0x30, 0x6, 0xf8, 0x0, 0x2f, 0x40, 0xe7,
    0x0, 0xaf, 0xc0, 0x6, 0xf0, 0xb, 0xb0, 0xe,
    0x8f, 0x0, 0xac, 0x0, 0x7f, 0x3, 0xf1, 0xf4,
    0xe, 0x80, 0x2, 0xf4, 0x7c, 0xb, 0x82, 0xf4,
    0x0, 0xe, 0x8b, 0x80, 0x7c, 0x6f, 0x0, 0x0,
    0xac, 0xf4, 0x3, 0xfb, 0xc0, 0x0, 0x6, 0xff,
    0x0, 0xe, 0xf8, 0x0, 0x0, 0x2f, 0xc0, 0x0,
    0xbf, 0x40, 0x0,

    /* U+0078 "x" */
    0xd, 0xc0, 0x0, 0x4f, 0x60, 0x3f, 0x80, 0x1e,
    0xb0, 0x0, 0x7f, 0x4b, 0xe1, 0x0, 0x0, 0xbf,
    0xf4, 0x0, 0x0, 0x5, 0xfc, 0x0, 0x0, 0x1,
    0xec, 0xf6, 0x0, 0x0, 0xbe, 0x18, 0xf2, 0x0,
    0x7f, 0x30, 0xc, 0xd0, 0x3f, 0x80, 0x0, 0x2f,
    0x90,

    /* U+0079 "y" */
    0x5f, 0x30, 0x0, 0xb, 0xc0, 0xe9, 0x0, 0x2,
    0xf6, 0x7, 0xf0, 0x0, 0x8f, 0x0, 0x1f, 0x60,
    0xe, 0x90, 0x0, 0xac, 0x5, 0xf2, 0x0, 0x3,
    0xf3, 0xcc, 0x0, 0x0, 0xd, 0xcf, 0x50, 0x0,
    0x0, 0x6f, 0xe0, 0x0, 0x0, 0x1, 0xf8, 0x0,
    0x0, 0x0, 0x6f, 0x20, 0x0, 0x2, 0x4e, 0xb0,
    0x0, 0x0, 0xbf, 0xc1, 0x0, 0x0,

    /* U+007A "z" */
    0x1f, 0xff, 0xff, 0xfb, 0x2, 0x22, 0x26, 0xf8,
    0x0, 0x0, 0x1e, 0xb0, 0x0, 0x0, 0xcd, 0x10,
    0x0, 0xa, 0xe2, 0x0, 0x0, 0x8f, 0x40, 0x0,
    0x5, 0xf6, 0x0, 0x0, 0x2f, 0xb2, 0x22, 0x21,
    0x5f, 0xff, 0xff, 0xfb,

    /* U+007B "{" */
    0x0, 0x9, 0xef, 0x30, 0x6, 0xf6, 0x20, 0x0,
    0x8e, 0x0, 0x0, 0x9, 0xe0, 0x0, 0x0, 0x9d,
    0x0, 0x0, 0xa, 0xd0, 0x0, 0x2, 0xe9, 0x0,
    0xf, 0xfc, 0x10, 0x0, 0x25, 0xf8, 0x0, 0x0,
    0xa, 0xd0, 0x0, 0x0, 0x9d, 0x0, 0x0, 0x9,
    0xe0, 0x0, 0x0, 0x8e, 0x0, 0x0, 0x6, 0xf3,
    0x0, 0x0, 0x1c, 0xff, 0x20, 0x0, 0x1, 0x20,

    /* U+007C "|" */
    0xf5, 0xf5, 0xf5, 0xf5, 0xf5, 0xf5, 0xf5, 0xf5,
    0xf5, 0xf5, 0xf5, 0xf5, 0xf5, 0xf5, 0xf5, 0xf5,

    /* U+007D "}" */
    0xfe, 0xb1, 0x0, 0x2, 0x4f, 0x80, 0x0, 0x0,
    0xbb, 0x0, 0x0, 0xb, 0xc0, 0x0, 0x0, 0xbc,
    0x0, 0x0, 0xa, 0xd0, 0x0, 0x0, 0x7f, 0x40,
    0x0, 0x0, 0xaf, 0xf2, 0x0, 0x5f, 0x73, 0x0,
    0xa, 0xd0, 0x0, 0x0, 0xac, 0x0, 0x0, 0xb,
    0xc0, 0x0, 0x0, 0xbb, 0x0, 0x0, 0x1e, 0x90,
    0x0, 0xff, 0xd2, 0x0, 0x2, 0x10, 0x0, 0x0,

    /* U+007E "~" */
    0x0, 0x0, 0x0, 0x0, 0x0, 0x0, 0x6d, 0xfe,
    0xa5, 0x12, 0x7a, 0x4d, 0x64, 0x6b, 0xff, 0xfd,
    0x31, 0x0, 0x0, 0x0, 0x31, 0x0,

    /* U+3001 "、" */
    0x2, 0x0, 0x5, 0xf5, 0x0, 0x6, 0xf5, 0x0,
    0x6, 0xf3, 0x0, 0x8, 0x20,

    /* U+4E00 "一" */
    0xef, 0xff, 0xff, 0xff, 0xff, 0xff, 0xf6, 0x23,
    0x33, 0x33, 0x33, 0x33, 0x33, 0x31,

    /* U+4E0A "上" */
    0x0, 0x0, 0x4, 0xf0, 0x0, 0x0, 0x0, 0x0,
    0x0, 0x4, 0xf0, 0x0, 0x0, 0x0, 0x0, 0x0,
    0x4, 0xf0, 0x0, 0x0, 0x0, 0x0, 0x0, 0x4,
    0xf4, 0x44, 0x44, 0x40, 0x0, 0x0, 0x4, 0xff,
    0xff, 0xff, 0xf1, 0x0, 0x0, 0x4, 0xf0, 0x0,
    0x0, 0x0, 0x0, 0x0, 0x4, 0xf0, 0x0, 0x0,
    0x0, 0x0, 0x0, 0x4, 0xf0, 0x0, 0x0, 0x0,
    0x0, 0x0, 0x4, 0xf0, 0x0, 0x0, 0x0, 0x0,
    0x0, 0x4, 0xf0, 0x0, 0x0, 0x0, 0x0, 0x0,
    0x4, 0xf0, 0x0, 0x0, 0x0, 0x34, 0x44, 0x47,
    0xf4, 0x44, 0x44, 0x44, 0xaf, 0xff, 0xff, 0xff,
    0xff, 0xff, 0xfe,

    /* U+4E0B "下" */
    0x1, 0x11, 0x11, 0x11, 0x11, 0x11, 0x10, 0xef,
    0xff, 0xff, 0xff, 0xff, 0xff, 0xff, 0x12, 0x22,
    0x23, 0xf3, 0x22, 0x22, 0x21, 0x0, 0x0, 0x2,
    0xf2, 0x0, 0x0, 0x0, 0x0, 0x0, 0x2, 0xf2,
    0x0, 0x0, 0x0, 0x0, 0x0, 0x2, 0xf5, 0x0,
    0x0, 0x0, 0x0, 0x0, 0x2, 0xff, 0xa1, 0x0,
    0x0, 0x0, 0x0, 0x2, 0xf4, 0xcf, 0x50, 0x0,
    0x0, 0x0, 0x2, 0xf2, 0x8, 0xfa, 0x0, 0x0,
    0x0, 0x2, 0xf2, 0x0, 0x5c, 0x0, 0x0, 0x0,
    0x2, 0xf2, 0x0, 0x0, 0x0, 0x0, 0x0, 0x2,
    0xf2, 0x0, 0x0, 0x0, 0x0, 0x0, 0x2, 0xf2,
    0x0, 0x0, 0x0, 0x0, 0x0, 0x2, 0xf2, 0x0,
    0x0, 0x0,

    /* U+4E0D "不" */
    0xe, 0xff, 0xff, 0xff, 0xff, 0xff, 0xff, 0xa0,
    0x3, 0x44, 0x44, 0x48, 0xf5, 0x44, 0x44, 0x20,
    0x0, 0x0, 0x0, 0x1e, 0x80, 0x0, 0x0, 0x0,
    0x0, 0x0, 0x0, 0xcf, 0x40, 0x0, 0x0, 0x0,
    0x0, 0x0, 0xa, 0xef, 0x49, 0xd1, 0x0, 0x0,
    0x0, 0x0, 0x9e, 0x4f, 0x40, 0xbe, 0x30, 0x0,
    0x0, 0xa, 0xe2, 0x1f, 0x40, 0xb, 0xf3, 0x0,
    0x2, 0xcd, 0x20, 0x1f, 0x40, 0x0, 0xbe, 0x30,
    0x2f, 0xb1, 0x0, 0x1f, 0x40, 0x0, 0xc, 0xe0,
    0x4, 0x0, 0x0, 0x1f, 0x40, 0x0, 0x0, 0x40,
    0x0, 0x0, 0x0, 0x1f, 0x40, 0x0, 0x0, 0x0,
    0x0, 0x0, 0x0, 0x1f, 0x40, 0x0, 0x0, 0x0,
    0x0, 0x0, 0x0, 0x1f, 0x40, 0x0, 0x0, 0x0,

    /* U+4E14 "且" */
    0x0, 0x9, 0xff, 0xff, 0xff, 0xff, 0xc0, 0x0,
    0x0, 0x9, 0xc4, 0x44, 0x44, 0x4a, 0xc0, 0x0,
    0x0, 0x9, 0xb0, 0x0, 0x0, 0x8, 0xc0, 0x0,
    0x0, 0x9, 0xc3, 0x33, 0x33, 0x39, 0xc0, 0x0,
    0x0, 0x9, 0xff, 0xff, 0xff, 0xff, 0xc0, 0x0,
    0x0, 0x9, 0xb0, 0x0, 0x0, 0x8, 0xc0, 0x0,
    0x0, 0x9, 0xb0, 0x0, 0x0, 0x8, 0xc0, 0x0,
    0x0, 0x9, 0xc3, 0x33, 0x33, 0x39, 0xc0, 0x0,
    0x0, 0x9, 0xff, 0xff, 0xff, 0xff, 0xc0, 0x0,
    0x0, 0x9, 0xb0, 0x0, 0x0, 0x8, 0xc0, 0x0,
    0x0, 0x9, 0xb0, 0x0, 0x0, 0x8, 0xc0, 0x0,
    0x3, 0x3a, 0xb3, 0x33, 0x33, 0x39, 0xc3, 0x30,
    0x2f, 0xff, 0xff, 0xff, 0xff, 0xff, 0xff, 0xf3,

    /* U+4E24 "两" */
    0x1f, 0xff, 0xff, 0xff, 0xff, 0xff, 0xff, 0xf1,
    0x3, 0x33, 0x36, 0xf3, 0x3b, 0xb3, 0x33, 0x30,
    0x0, 0x0, 0x4, 0xf0, 0xa, 0xa0, 0x0, 0x0,
    0x0, 0xdd, 0xde, 0xfd, 0xdf, 0xfd, 0xdd, 0x10,
    0x1, 0xf7, 0x59, 0xe5, 0x5d, 0xb5, 0x6f, 0x20,
    0x1, 0xf3, 0x7, 0xc0, 0xc, 0x70, 0x2f, 0x20,
    0x1, 0xf3, 0xb, 0xe3, 0xf, 0x50, 0x2f, 0x20,
    0x1, 0xf3, 0x1f, 0x9f, 0x7f, 0xc1, 0x2f, 0x20,
    0x1, 0xf3, 0xac, 0x5, 0x9c, 0x8e, 0x4f, 0x20,
    0x1, 0xf6, 0xe2, 0x3, 0xf5, 0x8, 0x2f, 0x20,
    0x1, 0xf3, 0x0, 0x2, 0x70, 0x0, 0x2f, 0x20,
    0x1, 0xf3, 0x0, 0x0, 0x0, 0x13, 0x5f, 0x10,
    0x1, 0xf3, 0x0, 0x0, 0x0, 0x1f, 0xfb, 0x0,

    /* U+4E2D "中" */
    0x0, 0x0, 0x0, 0xe5, 0x0, 0x0, 0x0, 0x0,
    0x0, 0x0, 0xe5, 0x0, 0x0, 0x0, 0x15, 0x55,
    0x55, 0xf9, 0x55, 0x55, 0x51, 0x4f, 0xdd, 0xdd,
    0xfe, 0xdd, 0xdd, 0xf5, 0x4f, 0x0, 0x0, 0xe5,
    0x0, 0x0, 0xf5, 0x4f, 0x0, 0x0, 0xe5, 0x0,
    0x0, 0xf5, 0x4f, 0x0, 0x0, 0xe5, 0x0, 0x0,
    0xf5, 0x4f, 0x11, 0x11, 0xe6, 0x11, 0x11, 0xf5,
    0x4f, 0xff, 0xff, 0xff, 0xff, 0xff, 0xf5, 0x4f,
    0x22, 0x22, 0xe6, 0x22, 0x22, 0xf5, 0x17, 0x0,
    0x0, 0xe5, 0x0, 0x0, 0x51, 0x0, 0x0, 0x0,
    0xe5, 0x0, 0x0, 0x0, 0x0, 0x0, 0x0, 0xe5,
    0x0, 0x0, 0x0, 0x0, 0x0, 0x0, 0xe5, 0x0,
    0x0, 0x0,

    /* U+4E3A "为" */
    0x0, 0x31, 0x4, 0xf0, 0x0, 0x0, 0x0, 0x0,
    0xcc, 0x4, 0xf0, 0x0, 0x0, 0x0, 0x0, 0x2f,
    0x65, 0xf0, 0x0, 0x0, 0x0, 0x0, 0x4, 0x15,
    0xf0, 0x0, 0x0, 0x0, 0xc, 0xee, 0xef, 0xfe,
    0xee, 0xee, 0xe3, 0x3, 0x44, 0x4a, 0xd4, 0x44,
    0x44, 0xf3, 0x0, 0x0, 0xa, 0xb0, 0x0, 0x0,
    0xf3, 0x0, 0x0, 0xe, 0x7a, 0x80, 0x0, 0xf3,
    0x0, 0x0, 0x4f, 0x27, 0xf2, 0x0, 0xf2, 0x0,
    0x0, 0xcb, 0x0, 0xe9, 0x1, 0xf2, 0x0, 0x8,
    0xf2, 0x0, 0x30, 0x2, 0xf1, 0x0, 0x7f, 0x60,
    0x0, 0x0, 0x4, 0xf0, 0x2b, 0xf6, 0x0, 0x0,
    0x45, 0x4b, 0xb0, 0x4d, 0x30, 0x0, 0x0, 0x6e,
    0xfc, 0x20, 0x0, 0x0, 0x0, 0x0, 0x0, 0x0,
    0x0,

    /* U+4EBA "人" */
    0x0, 0x0, 0x0, 0xe, 0x60, 0x0, 0x0, 0x0,
    0x0, 0x0, 0x0, 0xe, 0x60, 0x0, 0x0, 0x0,
    0x0, 0x0, 0x0, 0xe, 0x60, 0x0, 0x0, 0x0,
    0x0, 0x0, 0x0, 0xe, 0x60, 0x0, 0x0, 0x0,
    0x0, 0x0, 0x0, 0xf, 0x80, 0x0, 0x0, 0x0,
    0x0, 0x0, 0x0, 0x3f, 0xd0, 0x0, 0x0, 0x0,
    0x0, 0x0, 0x0, 0x7e, 0xf3, 0x0, 0x0, 0x0,
    0x0, 0x0, 0x0, 0xe7, 0xaa, 0x0, 0x0, 0x0,
    0x0, 0x0, 0x8, 0xf1, 0x3f, 0x30, 0x0, 0x0,
    0x0, 0x0, 0x5f, 0x50, 0x9, 0xd1, 0x0, 0x0,
    0x0, 0x4, 0xfa, 0x0, 0x0, 0xdc, 0x10, 0x0,
    0x0, 0x7f, 0xa0, 0x0, 0x0, 0x1d, 0xe3, 0x0,
    0x2c, 0xf8, 0x0, 0x0, 0x0, 0x1, 0xcf, 0xa0,
    0x2d, 0x30, 0x0, 0x0, 0x0, 0x0, 0x7, 0xb0,
    0x0, 0x0, 0x0, 0x0, 0x0, 0x0, 0x0, 0x0,

    /* U+4ECA "今" */
    0x0, 0x0, 0x0, 0x8, 0xa0, 0x0, 0x0, 0x0,
    0x0, 0x0, 0x0, 0x6f, 0xf3, 0x0, 0x0, 0x0,
    0x0, 0x0, 0x7, 0xf8, 0x8f, 0x50, 0x0, 0x0,
    0x0, 0x1, 0xaf, 0x80, 0x7, 0xf9, 0x0, 0x0,
    0x0, 0x4e, 0xf5, 0xa, 0x30, 0x4e, 0xe5, 0x0,
    0x1a, 0xfc, 0x20, 0xb, 0xa0, 0x1, 0xbf, 0xc2,
    0x1b, 0x50, 0x0, 0x5, 0xc0, 0x0, 0x4, 0xa0,
    0x0, 0x1, 0x11, 0x11, 0x11, 0x11, 0x10, 0x0,
    0x0, 0xaf, 0xff, 0xff, 0xff, 0xff, 0xf1, 0x0,
    0x0, 0x12, 0x22, 0x22, 0x22, 0x4f, 0xb0, 0x0,
    0x0, 0x0, 0x0, 0x0, 0x0, 0xce, 0x10, 0x0,
    0x0, 0x0, 0x0, 0x0, 0xa, 0xf3, 0x0, 0x0,
    0x0, 0x0, 0x0, 0x0, 0xaf, 0x40, 0x0, 0x0,
    0x0, 0x0, 0x0, 0x7, 0xf5, 0x0, 0x0, 0x0,
    0x0, 0x0, 0x0, 0x0, 0x30, 0x0, 0x0, 0x0,

    /* U+4ED6 "他" */
    0x0, 0x0, 0x0, 0x0, 0x0, 0x0, 0x0, 0x0,
    0x0, 0x4, 0xe0, 0x0, 0x4, 0xe0, 0x0, 0x0,
    0x0, 0x9, 0xb0, 0x61, 0x4, 0xe0, 0x0, 0x0,
    0x0, 0xf, 0x50, 0xe3, 0x4, 0xe0, 0x0, 0x0,
    0x0, 0x6f, 0x0, 0xe3, 0x4, 0xe2, 0x7b, 0x60,
    0x0, 0xee, 0x0, 0xe5, 0x6a, 0xff, 0xce, 0x60,
    0x8, 0xfe, 0x19, 0xff, 0xdb, 0xe1, 0xc, 0x60,
    0xf, 0xce, 0x18, 0xf3, 0x4, 0xe0, 0xd, 0x50,
    0x6, 0x5e, 0x0, 0xe3, 0x4, 0xe0, 0xe, 0x40,
    0x0, 0x5e, 0x0, 0xe3, 0x4, 0xe0, 0xf, 0x30,
    0x0, 0x5e, 0x0, 0xe3, 0x4, 0xe3, 0xfe, 0x0,
    0x0, 0x5e, 0x0, 0xe3, 0x4, 0xe0, 0x52, 0x10,
    0x0, 0x5e, 0x0, 0xe3, 0x0, 0x0, 0x0, 0xe3,
    0x0, 0x5e, 0x0, 0xe8, 0x33, 0x33, 0x37, 0xf1,
    0x0, 0x5e, 0x0, 0x6d, 0xff, 0xff, 0xed, 0x70,

    /* U+4EE4 "令" */
    0x0, 0x0, 0x0, 0x0, 0x0, 0x0, 0x0, 0x0,
    0x0, 0x0, 0x0, 0xc, 0xa0, 0x0, 0x0, 0x0,
    0x0, 0x0, 0x0, 0xbf, 0xf5, 0x0, 0x0, 0x0,
    0x0, 0x0, 0x2d, 0xe2, 0x5f, 0x80, 0x0, 0x0,
    0x0, 0x6, 0xfc, 0x12, 0x4, 0xed, 0x30, 0x0,
    0x2, 0xbf, 0x90, 0xf, 0x50, 0x1b, 0xfa, 0x20,
    0x4f, 0xc3, 0x0, 0x9, 0xb0, 0x0, 0x6e, 0xf1,
    0x5, 0x0, 0x0, 0x1, 0x10, 0x0, 0x0, 0x40,
    0x0, 0x9f, 0xff, 0xff, 0xff, 0xff, 0xf1, 0x0,
    0x0, 0x23, 0x33, 0x33, 0x33, 0x5f, 0xc0, 0x0,
    0x0, 0x0, 0x0, 0x0, 0x0, 0xcd, 0x10, 0x0,
    0x0, 0x0, 0xcb, 0x40, 0x1c, 0xe2, 0x0, 0x0,
    0x0, 0x0, 0x3a, 0xfd, 0xdd, 0x20, 0x0, 0x0,
    0x0, 0x0, 0x0, 0x2a, 0xfc, 0x20, 0x0, 0x0,
    0x0, 0x0, 0x0, 0x0, 0x4e, 0xa0, 0x0, 0x0,
    0x0, 0x0, 0x0, 0x0, 0x1, 0x10, 0x0, 0x0,

    /* U+4EE5 "以" */
    0x0, 0x0, 0x0, 0x0, 0xe, 0x50, 0x0, 0xf5,
    0x0, 0x0, 0x0, 0xe, 0x50, 0x0, 0xf5, 0xd,
    0x50, 0x0, 0xe, 0x40, 0x0, 0xf5, 0x8, 0xe1,
    0x0, 0xe, 0x40, 0x0, 0xf5, 0x0, 0xd9, 0x0,
    0xe, 0x30, 0x0, 0xf5, 0x0, 0x6f, 0x10, 0xf,
    0x20, 0x0, 0xf5, 0x0, 0xa, 0x20, 0x3f, 0x10,
    0x0, 0xf5, 0x0, 0x0, 0x0, 0x7f, 0x0, 0x0,
    0xf5, 0x0, 0x0, 0x0, 0xcd, 0x0, 0x0, 0xf5,
    0x5, 0xd8, 0x1, 0xff, 0x20, 0x0, 0xf8, 0xcf,
    0x70, 0x8, 0xfd, 0xd0, 0x0, 0xdf, 0x91, 0x0,
    0x4f, 0x72, 0xfa, 0x0, 0x22, 0x0, 0x6, 0xf9,
    0x0, 0x5f, 0x40, 0x0, 0x2, 0xcf, 0x70, 0x0,
    0xb, 0xd0, 0x0, 0x0, 0x82, 0x0, 0x0, 0x2,
    0x20,

    /* U+4EF6 "件" */
    0x0, 0x3, 0xd1, 0x4, 0x1, 0xf2, 0x0, 0x0,
    0x0, 0x8, 0xc0, 0x1f, 0x41, 0xf2, 0x0, 0x0,
    0x0, 0xe, 0x60, 0x7e, 0x1, 0xf2, 0x0, 0x0,
    0x0, 0x6f, 0x10, 0xdf, 0xff, 0xff, 0xff, 0xd0,
    0x0, 0xde, 0x7, 0xf4, 0x34, 0xf5, 0x33, 0x30,
    0x7, 0xfe, 0x1f, 0x80, 0x1, 0xf2, 0x0, 0x0,
    0xf, 0xce, 0x19, 0x0, 0x1, 0xf2, 0x0, 0x0,
    0x7, 0x5e, 0x1, 0x11, 0x12, 0xf3, 0x11, 0x10,
    0x0, 0x5e, 0xf, 0xff, 0xff, 0xff, 0xff, 0xf7,
    0x0, 0x5e, 0x2, 0x22, 0x23, 0xf4, 0x22, 0x20,
    0x0, 0x5e, 0x0, 0x0, 0x1, 0xf2, 0x0, 0x0,
    0x0, 0x5e, 0x0, 0x0, 0x1, 0xf2, 0x0, 0x0,
    0x0, 0x5e, 0x0, 0x0, 0x1, 0xf2, 0x0, 0x0,
    0x0, 0x5e, 0x0, 0x0, 0x1, 0xf2, 0x0, 0x0,

    /* U+4F4D "位" */
    0x0, 0x0, 0x87, 0x0, 0x2d, 0x20, 0x0, 0x0,
    0x0, 0x0, 0xf5, 0x0, 0xe, 0x80, 0x0, 0x0,
    0x0, 0x8, 0xd1, 0x33, 0x3a, 0xe3, 0x33, 0x30,
    0x0, 0x1f, 0x55, 0xff, 0xff, 0xff, 0xff, 0xe0,
    0x0, 0xbf, 0x10, 0x0, 0x0, 0x0, 0x23, 0x0,
    0x6, 0xff, 0x10, 0x7e, 0x0, 0x0, 0x8f, 0x0,
    0x2f, 0xaf, 0x10, 0x5f, 0x20, 0x0, 0xcc, 0x0,
    0x8, 0x3f, 0x10, 0x1f, 0x60, 0x0, 0xf8, 0x0,
    0x0, 0x3f, 0x10, 0xd, 0x90, 0x3, 0xf3, 0x0,
    0x0, 0x3f, 0x10, 0xa, 0xb0, 0x8, 0xe0, 0x0,
    0x0, 0x3f, 0x10, 0x8, 0xe0, 0xd, 0x90, 0x0,
    0x0, 0x3f, 0x10, 0x6, 0xc0, 0x2f, 0x40, 0x0,
    0x0, 0x3f, 0x13, 0x33, 0x33, 0x8f, 0x43, 0x31,
    0x0, 0x3f, 0x1e, 0xff, 0xff, 0xff, 0xff, 0xf5,

    /* U+4F5C "作" */
    0x0, 0x0, 0x0, 0x0, 0x0, 0x0, 0x0, 0x0,
    0x0, 0x3, 0xf1, 0xc, 0x90, 0x0, 0x0, 0x0,
    0x0, 0x9, 0xb0, 0x2f, 0x50, 0x0, 0x0, 0x0,
    0x0, 0xf, 0x50, 0x9f, 0xff, 0xff, 0xff, 0xf6,
    0x0, 0x7f, 0x11, 0xf8, 0x7e, 0x33, 0x33, 0x31,
    0x1, 0xef, 0x19, 0xe0, 0x5e, 0x0, 0x0, 0x0,
    0x9, 0xff, 0x5f, 0x50, 0x5e, 0x22, 0x22, 0x0,
    0x3f, 0x7f, 0x39, 0x0, 0x5f, 0xff, 0xff, 0x60,
    0x7, 0x3f, 0x10, 0x0, 0x5e, 0x0, 0x0, 0x0,
    0x0, 0x3f, 0x10, 0x0, 0x5e, 0x0, 0x0, 0x0,
    0x0, 0x3f, 0x10, 0x0, 0x5f, 0x55, 0x55, 0x30,
    0x0, 0x3f, 0x10, 0x0, 0x5f, 0xdd, 0xdd, 0x80,
    0x0, 0x3f, 0x10, 0x0, 0x5e, 0x0, 0x0, 0x0,
    0x0, 0x3f, 0x10, 0x0, 0x5e, 0x0, 0x0, 0x0,
    0x0, 0x3f, 0x10, 0x0, 0x5e, 0x0, 0x0, 0x0,

    /* U+4FDD "保" */
    0x0, 0x1, 0x50, 0x0, 0x0, 0x0, 0x0, 0x0,
    0x0, 0x7, 0xe0, 0xef, 0xff, 0xff, 0xfe, 0x0,
    0x0, 0xd, 0x70, 0xe6, 0x22, 0x22, 0x5e, 0x0,
    0x0, 0x5f, 0x10, 0xe5, 0x0, 0x0, 0x4e, 0x0,
    0x0, 0xdf, 0x10, 0xee, 0xee, 0xee, 0xee, 0x0,
    0x8, 0xef, 0x10, 0x33, 0x3e, 0x73, 0x33, 0x0,
    0x3f, 0x5f, 0x10, 0x0, 0xe, 0x50, 0x0, 0x0,
    0x5, 0x3f, 0x2f, 0xff, 0xff, 0xff, 0xff, 0xf1,
    0x0, 0x3f, 0x12, 0x22, 0xcf, 0xf7, 0x22, 0x20,
    0x0, 0x3f, 0x10, 0x6, 0xdf, 0xcf, 0x30, 0x0,
    0x0, 0x3f, 0x10, 0x4f, 0x3e, 0x57, 0xf4, 0x0,
    0x0, 0x3f, 0x16, 0xf6, 0xe, 0x50, 0x7f, 0xa2,
    0x0, 0x3f, 0x4e, 0x40, 0xe, 0x50, 0x2, 0xc4,
    0x0, 0x3f, 0x10, 0x0, 0xe, 0x50, 0x0, 0x0,

    /* U+4FE1 "信" */
    0x0, 0x4, 0xb0, 0x0, 0xa, 0x60, 0x0, 0x0,
    0x0, 0x9, 0xb1, 0x22, 0x2a, 0xd2, 0x22, 0x20,
    0x0, 0xf, 0x5d, 0xff, 0xff, 0xff, 0xff, 0xf1,
    0x0, 0x7f, 0x10, 0x11, 0x11, 0x11, 0x11, 0x10,
    0x0, 0xef, 0x10, 0xee, 0xee, 0xee, 0xee, 0x20,
    0x9, 0xef, 0x10, 0x33, 0x33, 0x33, 0x33, 0x0,
    0x3f, 0x6f, 0x10, 0x22, 0x22, 0x22, 0x22, 0x0,
    0x8, 0x3f, 0x10, 0xff, 0xff, 0xff, 0xff, 0x30,
    0x0, 0x3f, 0x10, 0x0, 0x0, 0x0, 0x0, 0x0,
    0x0, 0x3f, 0x10, 0xef, 0xff, 0xff, 0xff, 0x10,
    0x0, 0x3f, 0x10, 0xe7, 0x22, 0x22, 0x5f, 0x10,
    0x0, 0x3f, 0x10, 0xe5, 0x0, 0x0, 0x2f, 0x10,
    0x0, 0x3f, 0x10, 0xe8, 0x55, 0x55, 0x7f, 0x10,
    0x0, 0x3f, 0x10, 0xdd, 0xcc, 0xcc, 0xce, 0x10,

    /* U+4FEE "修" */
    0x0, 0x0, 0x0, 0x0, 0x0, 0x0, 0x0, 0x0,
    0x5, 0xc0, 0x0, 0x79, 0x0, 0x0, 0x0, 0x0,
    0x99, 0x0, 0x1f, 0xda, 0xaa, 0xa0, 0x0, 0xe,
    0x4e, 0x1b, 0xf8, 0x88, 0xce, 0x0, 0x5, 0xf1,
    0xf7, 0xfc, 0xb0, 0x5f, 0x50, 0x0, 0xce, 0xf,
    0x12, 0xb, 0xef, 0x50, 0x0, 0x4f, 0xe0, 0xf1,
    0x38, 0xed, 0xfc, 0x62, 0xc, 0xce, 0xf, 0x6f,
    0xa4, 0x4, 0x7c, 0xe0, 0x65, 0xe0, 0xf2, 0x2,
    0x6c, 0xf4, 0x0, 0x0, 0x4e, 0xf, 0x1b, 0xfd,
    0x71, 0x22, 0x0, 0x4, 0xe0, 0xf1, 0x22, 0x3,
    0xaf, 0x80, 0x0, 0x4e, 0xf, 0x25, 0x9e, 0xfa,
    0x32, 0x60, 0x4, 0xe0, 0xf1, 0xcb, 0x71, 0x29,
    0xf8, 0x0, 0x4e, 0x0, 0x1, 0x48, 0xcf, 0x92,
    0x0, 0x4, 0xe0, 0x4, 0xec, 0x94, 0x0, 0x0,
    0x0,

    /* U+50CF "像" */
    0x0, 0x0, 0x0, 0x0, 0x0, 0x0, 0x0, 0x0,
    0x0, 0x1, 0xd2, 0x3, 0xe1, 0x0, 0x0, 0x0,
    0x0, 0x7, 0xd0, 0x5f, 0xff, 0xff, 0x60, 0x0,
    0x0, 0xd, 0x89, 0xf7, 0x0, 0x6e, 0x10, 0x0,
    0x0, 0x5f, 0x3e, 0xff, 0xff, 0xff, 0xff, 0x40,
    0x0, 0xef, 0x14, 0xe2, 0x2a, 0xa2, 0x2e, 0x40,
    0x8, 0xff, 0x14, 0xe3, 0x3e, 0x73, 0x3f, 0x40,
    0x3f, 0x8f, 0x14, 0xee, 0xff, 0xee, 0xee, 0x30,
    0x8, 0x3f, 0x10, 0x3c, 0xfa, 0x0, 0x2b, 0x30,
    0x0, 0x3f, 0x2d, 0xf9, 0x5f, 0x99, 0xf8, 0x0,
    0x0, 0x3f, 0x13, 0x5b, 0xd7, 0xf9, 0xe4, 0x0,
    0x0, 0x3f, 0x1d, 0xd7, 0x5d, 0xf3, 0x9b, 0x0,
    0x0, 0x3f, 0x12, 0x6c, 0xc3, 0xd5, 0x2f, 0x50,
    0x0, 0x3f, 0x3f, 0xb6, 0x44, 0xf3, 0x8, 0xe0,
    0x0, 0x3f, 0x10, 0x0, 0xef, 0xa0, 0x0, 0x10,

    /* U+5148 "先" */
    0x0, 0x9, 0x30, 0x7c, 0x0, 0x0, 0x0, 0x0,
    0x3, 0xf2, 0x7, 0xc0, 0x0, 0x0, 0x0, 0x0,
    0x9e, 0x33, 0x9d, 0x33, 0x33, 0x30, 0x0, 0x2f,
    0xff, 0xff, 0xff, 0xff, 0xfe, 0x0, 0xb, 0xd0,
    0x0, 0x7c, 0x0, 0x0, 0x0, 0x1, 0xe5, 0x0,
    0x7, 0xc0, 0x0, 0x0, 0x0, 0x25, 0x33, 0x33,
    0x9d, 0x33, 0x33, 0x33, 0xb, 0xff, 0xff, 0xff,
    0xff, 0xff, 0xff, 0xe0, 0x0, 0x0, 0xd8, 0x0,
    0xf5, 0x0, 0x0, 0x0, 0x0, 0xf, 0x60, 0xf,
    0x50, 0x0, 0x0, 0x0, 0x7, 0xf2, 0x0, 0xf5,
    0x0, 0x19, 0x10, 0x4, 0xfa, 0x0, 0xf, 0x50,
    0x3, 0xf1, 0x28, 0xfd, 0x10, 0x0, 0xf9, 0x44,
    0xae, 0x7, 0xf9, 0x0, 0x0, 0x9, 0xff, 0xfd,
    0x60, 0x0, 0x0, 0x0, 0x0, 0x0, 0x0, 0x0,
    0x0,

    /* U+5165 "入" */
    0x0, 0x0, 0x0, 0x86, 0x0, 0x0, 0x0, 0x0,
    0x0, 0x0, 0x0, 0xae, 0x10, 0x0, 0x0, 0x0,
    0x0, 0x0, 0x0, 0x1e, 0x90, 0x0, 0x0, 0x0,
    0x0, 0x0, 0x0, 0xa, 0xf1, 0x0, 0x0, 0x0,
    0x0, 0x0, 0x0, 0xf, 0xf7, 0x0, 0x0, 0x0,
    0x0, 0x0, 0x0, 0x6f, 0x9e, 0x0, 0x0, 0x0,
    0x0, 0x0, 0x0, 0xd9, 0x2f, 0x40, 0x0, 0x0,
    0x0, 0x0, 0x4, 0xf2, 0xb, 0xa0, 0x0, 0x0,
    0x0, 0x0, 0xd, 0xa0, 0x4, 0xf2, 0x0, 0x0,
    0x0, 0x0, 0x8f, 0x10, 0x0, 0xda, 0x0, 0x0,
    0x0, 0x5, 0xf6, 0x0, 0x0, 0x5f, 0x40, 0x0,
    0x0, 0x4f, 0x90, 0x0, 0x0, 0xb, 0xf3, 0x0,
    0x6, 0xfb, 0x0, 0x0, 0x0, 0x1, 0xde, 0x40,
    0xf, 0x90, 0x0, 0x0, 0x0, 0x0, 0x1c, 0xf1,
    0x2, 0x0, 0x0, 0x0, 0x0, 0x0, 0x0, 0x20,

    /* U+5168 "全" */
    0x0, 0x0, 0x0, 0x1, 0x0, 0x0, 0x0, 0x0,
    0x0, 0x0, 0x0, 0x2f, 0xb0, 0x0, 0x0, 0x0,
    0x0, 0x0, 0x2, 0xec, 0xf8, 0x0, 0x0, 0x0,
    0x0, 0x0, 0x3e, 0xb0, 0x3f, 0xa0, 0x0, 0x0,
    0x0, 0x7, 0xfa, 0x0, 0x3, 0xed, 0x30, 0x0,
    0x3, 0xcf, 0x70, 0x0, 0x0, 0x1c, 0xf8, 0x10,
    0x4f, 0xef, 0xff, 0xff, 0xff, 0xff, 0xef, 0xe0,
    0x17, 0x3, 0x33, 0x3e, 0x93, 0x33, 0x22, 0x50,
    0x0, 0x0, 0x0, 0xd, 0x70, 0x0, 0x0, 0x0,
    0x0, 0x1, 0x11, 0x1d, 0x81, 0x11, 0x0, 0x0,
    0x0, 0x4f, 0xff, 0xff, 0xff, 0xff, 0xe0, 0x0,
    0x0, 0x2, 0x22, 0x2d, 0x82, 0x22, 0x10, 0x0,
    0x0, 0x0, 0x0, 0xd, 0x70, 0x0, 0x0, 0x0,
    0x2, 0x33, 0x33, 0x3e, 0x93, 0x33, 0x33, 0x0,
    0xa, 0xff, 0xff, 0xff, 0xff, 0xff, 0xff, 0x20,

    /* U+5173 "关" */
    0x0, 0x0, 0x0, 0x0, 0x0, 0x0, 0x0, 0x0,
    0x0, 0x1, 0xc2, 0x0, 0x0, 0xba, 0x0, 0x0,
    0x0, 0x0, 0xab, 0x0, 0x2, 0xf6, 0x0, 0x0,
    0x0, 0x0, 0x28, 0x0, 0xa, 0xc0, 0x0, 0x0,
    0x0, 0xef, 0xff, 0xff, 0xff, 0xff, 0xfa, 0x0,
    0x0, 0x33, 0x33, 0x4f, 0x63, 0x33, 0x32, 0x0,
    0x0, 0x0, 0x0, 0x1f, 0x30, 0x0, 0x0, 0x0,
    0x0, 0x0, 0x0, 0x1f, 0x20, 0x0, 0x0, 0x0,
    0xa, 0xff, 0xff, 0xff, 0xff, 0xff, 0xff, 0x40,
    0x2, 0x33, 0x33, 0x8f, 0xf4, 0x33, 0x33, 0x10,
    0x0, 0x0, 0x0, 0xcc, 0xc9, 0x0, 0x0, 0x0,
    0x0, 0x0, 0x7, 0xf4, 0x2f, 0x80, 0x0, 0x0,
    0x0, 0x0, 0x9f, 0x80, 0x5, 0xfb, 0x20, 0x0,
    0x2, 0x8e, 0xf7, 0x0, 0x0, 0x4e, 0xfb, 0x60,
    0x1e, 0xf9, 0x20, 0x0, 0x0, 0x1, 0x8f, 0xa0,
    0x1, 0x0, 0x0, 0x0, 0x0, 0x0, 0x0, 0x10,

    /* U+5176 "其" */
    0x0, 0x3, 0xf1, 0x0, 0x0, 0xd, 0x70, 0x0,
    0x0, 0x24, 0xf2, 0x22, 0x22, 0x2d, 0x82, 0x0,
    0x4, 0xff, 0xff, 0xff, 0xff, 0xff, 0xff, 0x70,
    0x0, 0x24, 0xf2, 0x22, 0x22, 0x2d, 0x82, 0x0,
    0x0, 0x3, 0xf3, 0x22, 0x22, 0x2d, 0x70, 0x0,
    0x0, 0x3, 0xfe, 0xee, 0xee, 0xef, 0x70, 0x0,
    0x0, 0x3, 0xf1, 0x0, 0x0, 0xd, 0x70, 0x0,
    0x0, 0x3, 0xfe, 0xee, 0xee, 0xef, 0x70, 0x0,
    0x0, 0x3, 0xf3, 0x22, 0x22, 0x2d, 0x70, 0x0,
    0x2, 0x25, 0xf3, 0x22, 0x22, 0x2d, 0x82, 0x20,
    0x2f, 0xff, 0xff, 0xff, 0xff, 0xff, 0xff, 0xf1,
    0x0, 0x0, 0x6, 0x0, 0x0, 0x72, 0x0, 0x0,
    0x0, 0x27, 0xee, 0x30, 0x3, 0xcf, 0xb4, 0x0,
    0xb, 0xfe, 0x70, 0x0, 0x0, 0x3, 0xbf, 0x90,
    0x3, 0x30, 0x0, 0x0, 0x0, 0x0, 0x3, 0x20,

    /* U+518D "再" */
    0x8, 0xff, 0xff, 0xff, 0xff, 0xff, 0xff, 0xd0,
    0x1, 0x33, 0x33, 0x39, 0xd3, 0x33, 0x33, 0x20,
    0x0, 0x24, 0x44, 0x4a, 0xd4, 0x44, 0x43, 0x0,
    0x0, 0x8f, 0xee, 0xef, 0xfe, 0xee, 0xfc, 0x0,
    0x0, 0x8b, 0x0, 0x8, 0xc0, 0x0, 0x7c, 0x0,
    0x0, 0x8c, 0x44, 0x4a, 0xd4, 0x44, 0x9c, 0x0,
    0x0, 0x8f, 0xdd, 0xde, 0xfd, 0xdd, 0xec, 0x0,
    0x0, 0x8b, 0x0, 0x8, 0xc0, 0x0, 0x7c, 0x0,
    0x1d, 0xef, 0xdd, 0xde, 0xfd, 0xdd, 0xef, 0xd5,
    0x5, 0xad, 0x55, 0x55, 0x55, 0x55, 0xad, 0x52,
    0x0, 0x8b, 0x0, 0x0, 0x0, 0x0, 0x7c, 0x0,
    0x0, 0x8b, 0x0, 0x0, 0x2, 0x53, 0xac, 0x0,
    0x0, 0x8b, 0x0, 0x0, 0x2, 0xdf, 0xe6, 0x0,

    /* U+5220 "删" */
    0x0, 0x0, 0x0, 0x0, 0x0, 0x0, 0x4e, 0xf,
    0xff, 0xa9, 0xff, 0xf0, 0x20, 0x4e, 0xf, 0x48,
    0xa9, 0xa2, 0xf0, 0xe5, 0x4e, 0xf, 0x48, 0xa9,
    0xa2, 0xf0, 0xe5, 0x4e, 0xf, 0x48, 0xa9, 0xa2,
    0xf0, 0xe5, 0x4e, 0xf, 0x48, 0xa9, 0xa2, 0xf0,
    0xe5, 0x4e, 0xff, 0xff, 0xff, 0xff, 0xfc, 0xe5,
    0x4e, 0x1f, 0x48, 0xa9, 0xa3, 0xf0, 0xe5, 0x4e,
    0xf, 0x38, 0xa9, 0x92, 0xf0, 0xe5, 0x4e, 0xf,
    0x28, 0xaa, 0x82, 0xf0, 0xe5, 0x4e, 0x1f, 0x18,
    0xab, 0x72, 0xf0, 0xe5, 0x4e, 0x3f, 0x8, 0xad,
    0x62, 0xf0, 0x0, 0x4e, 0x6d, 0x2b, 0xaf, 0x56,
    0xf0, 0x45, 0x8e, 0x89, 0x9f, 0x7e, 0x3f, 0x90,
    0x5e, 0xf8, 0x0, 0x0, 0x0, 0x0, 0x0, 0x0,
    0x0,

    /* U+5230 "到" */
    0x0, 0x0, 0x0, 0x0, 0x0, 0x0, 0xe, 0x50,
    0xff, 0xff, 0xff, 0xfe, 0x1, 0x0, 0xe5, 0x3,
    0x39, 0xe3, 0x33, 0x20, 0xf4, 0xe, 0x50, 0x0,
    0xe8, 0x1d, 0x20, 0xf, 0x40, 0xe5, 0x0, 0x9e,
    0x10, 0xbb, 0x0, 0xf4, 0xe, 0x50, 0x5f, 0x85,
    0x8c, 0xf2, 0xf, 0x40, 0xe5, 0xa, 0xff, 0xda,
    0x7d, 0x90, 0xf4, 0xe, 0x50, 0x11, 0x6, 0x30,
    0x43, 0xf, 0x40, 0xe5, 0x0, 0x0, 0xd7, 0x0,
    0x0, 0xf4, 0xe, 0x50, 0x8b, 0xbf, 0xdb, 0xb4,
    0xf, 0x40, 0xe5, 0x4, 0x66, 0xea, 0x66, 0x20,
    0xf3, 0xe, 0x50, 0x0, 0xd, 0x71, 0x45, 0x0,
    0x0, 0xe5, 0x19, 0xac, 0xff, 0xec, 0x90, 0x15,
    0x4f, 0x40, 0x98, 0x53, 0x0, 0x0, 0x1, 0xef,
    0xd1,

    /* U+5237 "刷" */
    0x0, 0x0, 0x0, 0x0, 0x0, 0x0, 0x6, 0xd0,
    0xe, 0xff, 0xff, 0xff, 0x90, 0x10, 0x6d, 0x0,
    0xe7, 0x33, 0x33, 0xb9, 0x2f, 0x16, 0xd0, 0xe,
    0x96, 0x66, 0x6d, 0x92, 0xf1, 0x6d, 0x0, 0xea,
    0x77, 0xa8, 0x74, 0x2f, 0x16, 0xd0, 0xe, 0x40,
    0xf, 0x40, 0x2, 0xf1, 0x6d, 0x0, 0xe7, 0xaa,
    0xfc, 0xa9, 0x2f, 0x16, 0xd0, 0xf, 0x7f, 0xaf,
    0xbc, 0xd2, 0xf1, 0x6d, 0x1, 0xf5, 0xe0, 0xf4,
    0x6d, 0x2f, 0x16, 0xd0, 0x4c, 0x5e, 0xf, 0x46,
    0xd2, 0xf1, 0x6d, 0x9, 0x85, 0xe0, 0xf4, 0x6d,
    0x2f, 0x16, 0xd0, 0xe3, 0x5e, 0xf, 0x58, 0xd0,
    0x0, 0x6d, 0x6c, 0x5, 0xe0, 0xfb, 0xf7, 0x1,
    0x29, 0xd0, 0x0, 0x12, 0xf, 0x40, 0x0, 0xce,
    0xf7,

    /* U+524D "前" */
    0x0, 0x0, 0x10, 0x0, 0x0, 0x0, 0x0, 0x0,
    0xb, 0xb0, 0x0, 0x8, 0xe1, 0x0, 0x0, 0x2,
    0xc1, 0x0, 0x2f, 0x60, 0x0, 0xcd, 0xdd, 0xdd,
    0xdd, 0xef, 0xdd, 0xdd, 0x44, 0x44, 0x44, 0x44,
    0x44, 0x44, 0x54, 0x6, 0x66, 0x66, 0x40, 0x0,
    0x1, 0xf2, 0x1f, 0xdd, 0xde, 0xb0, 0x3e, 0x1,
    0xf2, 0x1f, 0x10, 0x7, 0xb0, 0x4f, 0x1, 0xf2,
    0x1f, 0xaa, 0xac, 0xb0, 0x4f, 0x1, 0xf2, 0x1f,
    0x76, 0x6a, 0xb0, 0x4f, 0x1, 0xf2, 0x1f, 0x21,
    0x17, 0xb0, 0x4f, 0x1, 0xf2, 0x1f, 0xff, 0xff,
    0xb0, 0x4f, 0x1, 0xf2, 0x1f, 0x10, 0x7, 0xb0,
    0x3b, 0x1, 0xf2, 0x1f, 0x11, 0x39, 0xa0, 0x1,
    0x45, 0xf1, 0x1f, 0x13, 0xff, 0x50, 0x2, 0xef,
    0xc0, 0x2, 0x0, 0x0, 0x0, 0x0, 0x0, 0x0,

    /* U+529F "功" */
    0x0, 0x0, 0x0, 0x0, 0xc, 0x70, 0x0, 0x0,
    0x99, 0x99, 0x95, 0x0, 0xc7, 0x0, 0x0, 0xa,
    0xaf, 0xca, 0x52, 0x2c, 0x82, 0x22, 0x10, 0x0,
    0xe6, 0x0, 0xff, 0xff, 0xff, 0xfc, 0x0, 0xe,
    0x60, 0x1, 0x1d, 0x71, 0x17, 0xc0, 0x0, 0xe6,
    0x0, 0x0, 0xe6, 0x0, 0x7c, 0x0, 0xe, 0x60,
    0x0, 0xf, 0x50, 0x7, 0xc0, 0x0, 0xe6, 0x0,
    0x2, 0xf2, 0x0, 0x8c, 0x0, 0xe, 0x60, 0x0,
    0x6f, 0x0, 0x9, 0xb0, 0x0, 0xe6, 0x4, 0xb,
    0xb0, 0x0, 0x9a, 0x0, 0x3e, 0xdf, 0xe6, 0xf5,
    0x0, 0xa, 0x91, 0xff, 0xc8, 0x30, 0xdd, 0x0,
    0x0, 0xc7, 0x3, 0x0, 0x0, 0xcf, 0x30, 0x53,
    0x5f, 0x40, 0x0, 0x0, 0x5f, 0x40, 0xb, 0xef,
    0xa0, 0x0, 0x0, 0x0, 0x10, 0x0, 0x0, 0x0,
    0x0,

    /* U+52A0 "加" */
    0x0, 0xd, 0x70, 0x0, 0x0, 0x0, 0x0, 0x0,
    0x0, 0xd7, 0x0, 0x0, 0xaa, 0xaa, 0xa8, 0x2,
    0x2d, 0x82, 0x21, 0x1f, 0x87, 0x7a, 0xd0, 0xff,
    0xff, 0xff, 0xc1, 0xf2, 0x0, 0x5d, 0x1, 0x1d,
    0x71, 0x7c, 0x1f, 0x20, 0x5, 0xd0, 0x0, 0xd6,
    0x6, 0xb1, 0xf2, 0x0, 0x5d, 0x0, 0xf, 0x50,
    0x7b, 0x1f, 0x20, 0x5, 0xd0, 0x0, 0xf3, 0x7,
    0xb1, 0xf2, 0x0, 0x5d, 0x0, 0x3f, 0x0, 0x7a,
    0x1f, 0x20, 0x5, 0xd0, 0x6, 0xd0, 0x8, 0xa1,
    0xf2, 0x0, 0x5d, 0x0, 0xb9, 0x0, 0x99, 0x1f,
    0x20, 0x5, 0xd0, 0x1f, 0x30, 0xb, 0x71, 0xfd,
    0xdd, 0xed, 0x9, 0xc1, 0x34, 0xf4, 0x1f, 0x54,
    0x48, 0xd2, 0xe2, 0x2e, 0xf9, 0x0, 0xa1, 0x0,
    0x37, 0x1, 0x0, 0x0, 0x0, 0x0, 0x0, 0x0,
    0x0,

    /* U+52A1 "务" */
    0x0, 0x0, 0x4a, 0x0, 0x0, 0x0, 0x0, 0x0,
    0x0, 0xd, 0xd5, 0x55, 0x55, 0x53, 0x0, 0x0,
    0x8, 0xfc, 0xcc, 0xcc, 0xcf, 0x80, 0x0, 0x7,
    0xff, 0x80, 0x0, 0xb, 0xd1, 0x0, 0x0, 0x85,
    0x4e, 0xd5, 0x5d, 0xc1, 0x0, 0x0, 0x0, 0x0,
    0x4e, 0xff, 0xe3, 0x0, 0x0, 0x7, 0x9c, 0xff,
    0xb5, 0x6c, 0xff, 0xc9, 0x50, 0xba, 0x74, 0x1,
    0x10, 0x0, 0x47, 0xa5, 0x0, 0x0, 0x0, 0xaa,
    0x0, 0x0, 0x0, 0x0, 0xe, 0xff, 0xff, 0xff,
    0xff, 0xff, 0x40, 0x0, 0x23, 0x38, 0xf3, 0x33,
    0x33, 0xf3, 0x0, 0x0, 0x5, 0xf7, 0x0, 0x0,
    0x2f, 0x20, 0x2, 0x7d, 0xf7, 0x0, 0x34, 0x39,
    0xf0, 0x0, 0x7d, 0x81, 0x0, 0x7, 0xef, 0xe7,
    0x0, 0x0, 0x0, 0x0, 0x0, 0x0, 0x0, 0x0,
    0x0,

    /* U+5355 "单" */
    0x0, 0x0, 0x10, 0x0, 0x1, 0x10, 0x0, 0x0,
    0x7, 0xd0, 0x0, 0x8, 0xd0, 0x0, 0x0, 0x0,
    0x92, 0x0, 0x1f, 0x50, 0x0, 0x6, 0xee, 0xee,
    0xee, 0xff, 0xee, 0x50, 0x7, 0xd4, 0x44, 0xcb,
    0x44, 0x4e, 0x60, 0x7, 0xd0, 0x0, 0xba, 0x0,
    0xe, 0x60, 0x7, 0xff, 0xff, 0xff, 0xff, 0xff,
    0x60, 0x7, 0xd3, 0x33, 0xcb, 0x33, 0x3e, 0x60,
    0x7, 0xd1, 0x11, 0xba, 0x11, 0x1e, 0x60, 0x7,
    0xff, 0xff, 0xff, 0xff, 0xff, 0x60, 0x0, 0x22,
    0x22, 0xba, 0x22, 0x22, 0x0, 0x33, 0x33, 0x33,
    0xcb, 0x33, 0x33, 0x33, 0xde, 0xee, 0xee, 0xff,
    0xee, 0xee, 0xec, 0x0, 0x0, 0x0, 0xba, 0x0,
    0x0, 0x0, 0x0, 0x0, 0x0, 0xba, 0x0, 0x0,
    0x0,

    /* U+5361 "卡" */
    0x0, 0x0, 0x0, 0xf5, 0x0, 0x0, 0x0, 0x0,
    0x0, 0x0, 0xf5, 0x0, 0x0, 0x0, 0x0, 0x0,
    0x0, 0xff, 0xff, 0xff, 0x30, 0x0, 0x0, 0x0,
    0xf7, 0x33, 0x33, 0x0, 0x0, 0x0, 0x0, 0xf5,
    0x0, 0x0, 0x0, 0xbe, 0xee, 0xee, 0xfe, 0xee,
    0xee, 0xed, 0x45, 0x55, 0x55, 0x86, 0x55, 0x55,
    0x55, 0x0, 0x0, 0x0, 0xf5, 0x0, 0x0, 0x0,
    0x0, 0x0, 0x0, 0xf9, 0x0, 0x0, 0x0, 0x0,
    0x0, 0x0, 0xff, 0xe7, 0x0, 0x0, 0x0, 0x0,
    0x0, 0xf5, 0x6e, 0xe7, 0x0, 0x0, 0x0, 0x0,
    0xf5, 0x0, 0x8e, 0x10, 0x0, 0x0, 0x0, 0xf5,
    0x0, 0x0, 0x0, 0x0, 0x0, 0x0, 0xf5, 0x0,
    0x0, 0x0,

    /* U+53D6 "取" */
    0xf, 0xff, 0xff, 0xff, 0xbf, 0xff, 0xff, 0xa0,
    0x3, 0xf5, 0x33, 0xf7, 0x2d, 0x63, 0x3c, 0x80,
    0x1, 0xf5, 0x22, 0xf5, 0xa, 0x60, 0xe, 0x60,
    0x1, 0xff, 0xff, 0xf5, 0x8, 0x90, 0x1f, 0x20,
    0x1, 0xf3, 0x0, 0xf5, 0x5, 0xc0, 0x4f, 0x0,
    0x1, 0xf4, 0x22, 0xf5, 0x1, 0xf1, 0x9b, 0x0,
    0x1, 0xff, 0xff, 0xf5, 0x0, 0xc6, 0xe6, 0x0,
    0x1, 0xf3, 0x0, 0xf5, 0x0, 0x7e, 0xe0, 0x0,
    0x1, 0xf3, 0x0, 0xf6, 0x0, 0x1f, 0x90, 0x0,
    0x6, 0xfa, 0xbd, 0xff, 0x50, 0x8f, 0xe1, 0x0,
    0xc, 0xa8, 0x64, 0xf5, 0x5, 0xf4, 0xcc, 0x0,
    0x0, 0x0, 0x0, 0xf5, 0x8f, 0x50, 0x1d, 0xc0,
    0x0, 0x0, 0x0, 0xf5, 0x73, 0x0, 0x1, 0xa0,

    /* U+53E3 "口" */
    0x4f, 0xff, 0xff, 0xff, 0xff, 0xfd, 0x4f, 0x33,
    0x33, 0x33, 0x33, 0x8e, 0x4e, 0x0, 0x0, 0x0,
    0x0, 0x5e, 0x4e, 0x0, 0x0, 0x0, 0x0, 0x5e,
    0x4e, 0x0, 0x0, 0x0, 0x0, 0x5e, 0x4e, 0x0,
    0x0, 0x0, 0x0, 0x5e, 0x4e, 0x0, 0x0, 0x0,
    0x0, 0x5e, 0x4e, 0x0, 0x0, 0x0, 0x0, 0x5e,
    0x4e, 0x0, 0x0, 0x0, 0x0, 0x5e, 0x4e, 0x0,
    0x0, 0x0, 0x0, 0x5e, 0x4f, 0x33, 0x33, 0x33,
    0x33, 0x8e, 0x4f, 0xff, 0xff, 0xff, 0xff, 0xfe,
    0x4e, 0x0, 0x0, 0x0, 0x0, 0x5e,

    /* U+53F7 "号" */
    0x0, 0x6f, 0xff, 0xff, 0xff, 0xff, 0xf0, 0x0,
    0x0, 0x6e, 0x33, 0x33, 0x33, 0x36, 0xf0, 0x0,
    0x0, 0x6e, 0x33, 0x33, 0x33, 0x36, 0xf0, 0x0,
    0x0, 0x5f, 0xff, 0xff, 0xff, 0xff, 0xf0, 0x0,
    0x0, 0x0, 0x0, 0x0, 0x0, 0x0, 0x0, 0x0,
    0x2f, 0xff, 0xff, 0xff, 0xff, 0xff, 0xff, 0xf2,
    0x3, 0x38, 0xf3, 0x33, 0x33, 0x33, 0x33, 0x30,
    0x0, 0x9, 0xb0, 0x0, 0x0, 0x0, 0x0, 0x0,
    0x0, 0xe, 0xff, 0xff, 0xff, 0xff, 0xf5, 0x0,
    0x0, 0x3, 0x33, 0x33, 0x33, 0x34, 0xf4, 0x0,
    0x0, 0x0, 0x0, 0x0, 0x0, 0x2, 0xf2, 0x0,
    0x0, 0x0, 0x0, 0x1, 0x43, 0x38, 0xf0, 0x0,
    0x0, 0x0, 0x0, 0x4, 0xff, 0xff, 0x60, 0x0,
    0x0, 0x0, 0x0, 0x0, 0x0, 0x0, 0x0, 0x0,

    /* U+5408 "合" */
    0x0, 0x0, 0x0, 0x1, 0x20, 0x0, 0x0, 0x0,
    0x0, 0x0, 0x0, 0x1d, 0xf1, 0x0, 0x0, 0x0,
    0x0, 0x0, 0x2, 0xdc, 0xbd, 0x30, 0x0, 0x0,
    0x0, 0x0, 0x7f, 0xa0, 0x8, 0xf8, 0x0, 0x0,
    0x0, 0x4c, 0xf6, 0x0, 0x0, 0x4e, 0xe6, 0x0,
    0x1c, 0xfb, 0x20, 0x0, 0x0, 0x1, 0x9f, 0xe2,
    0x9, 0x3a, 0xff, 0xff, 0xff, 0xff, 0xb2, 0x70,
    0x0, 0x3, 0x44, 0x44, 0x44, 0x44, 0x30, 0x0,
    0x0, 0x0, 0x0, 0x0, 0x0, 0x0, 0x0, 0x0,
    0x0, 0x5f, 0xff, 0xff, 0xff, 0xff, 0xf4, 0x0,
    0x0, 0x5f, 0x33, 0x33, 0x33, 0x33, 0xf4, 0x0,
    0x0, 0x5e, 0x0, 0x0, 0x0, 0x0, 0xf4, 0x0,
    0x0, 0x5e, 0x0, 0x0, 0x0, 0x0, 0xf4, 0x0,
    0x0, 0x5f, 0xff, 0xff, 0xff, 0xff, 0xf4, 0x0,
    0x0, 0x5f, 0x33, 0x33, 0x33, 0x33, 0xf4, 0x0,

    /* U+540C "同" */
    0x5f, 0xff, 0xff, 0xff, 0xff, 0xff, 0xf8, 0x5e,
    0x33, 0x33, 0x33, 0x33, 0x33, 0xc8, 0x5e, 0x4,
    0x44, 0x44, 0x44, 0x41, 0xb8, 0x5e, 0xd, 0xee,
    0xee, 0xee, 0xe3, 0xb8, 0x5e, 0x0, 0x0, 0x0,
    0x0, 0x0, 0xb8, 0x5e, 0x0, 0x55, 0x55, 0x55,
    0x20, 0xb8, 0x5e, 0x2, 0xfd, 0xdd, 0xdf, 0x60,
    0xb8, 0x5e, 0x2, 0xf1, 0x0, 0xd, 0x60, 0xb8,
    0x5e, 0x2, 0xf1, 0x0, 0xd, 0x60, 0xb8, 0x5e,
    0x2, 0xff, 0xff, 0xff, 0x60, 0xb8, 0x5e, 0x0,
    0x33, 0x33, 0x33, 0x10, 0xb8, 0x5e, 0x0, 0x0,
    0x0, 0x0, 0x54, 0xd8, 0x5e, 0x0, 0x0, 0x0,
    0x0, 0xef, 0xe3, 0x1, 0x0, 0x0, 0x0, 0x0,
    0x0, 0x0,

    /* U+540D "名" */
    0x0, 0x0, 0x0, 0x0, 0x0, 0x0, 0x0, 0x0,
    0x0, 0x0, 0x3f, 0x40, 0x0, 0x0, 0x0, 0x0,
    0x0, 0x2e, 0xfd, 0xdd, 0xdd, 0xdd, 0x0, 0x0,
    0x4e, 0xb5, 0x55, 0x55, 0x5e, 0xc0, 0x0, 0x8f,
    0xf5, 0x0, 0x0, 0xa, 0xe1, 0x0, 0x6f, 0x68,
    0xf7, 0x0, 0x1b, 0xe3, 0x0, 0x0, 0x0, 0x5,
    0x80, 0x7f, 0xc2, 0x0, 0x0, 0x0, 0x0, 0x49,
    0xff, 0x70, 0x0, 0x0, 0x5, 0x7b, 0xff, 0xe8,
    0x11, 0x11, 0x11, 0x0, 0xdf, 0xcf, 0xff, 0xff,
    0xff, 0xff, 0xf2, 0x1, 0x0, 0xe6, 0x22, 0x22,
    0x22, 0x3f, 0x20, 0x0, 0xe, 0x50, 0x0, 0x0,
    0x1, 0xf2, 0x0, 0x0, 0xe5, 0x0, 0x0, 0x0,
    0x1f, 0x20, 0x0, 0xe, 0xee, 0xee, 0xee, 0xee,
    0xf2, 0x0, 0x0, 0xe8, 0x44, 0x44, 0x44, 0x5f,
    0x20,

    /* U+540E "后" */
    0x0, 0x0, 0x0, 0x12, 0x35, 0x78, 0xa8, 0x0,
    0x7, 0xef, 0xff, 0xfe, 0xdb, 0xa8, 0x60, 0x0,
    0x8d, 0x32, 0x10, 0x0, 0x0, 0x0, 0x0, 0x8,
    0xc0, 0x0, 0x0, 0x0, 0x0, 0x0, 0x0, 0x9f,
    0xff, 0xff, 0xff, 0xff, 0xff, 0xc0, 0x9, 0xd3,
    0x33, 0x33, 0x33, 0x33, 0x33, 0x0, 0x9b, 0x0,
    0x0, 0x0, 0x0, 0x0, 0x0, 0xa, 0xb0, 0x33,
    0x33, 0x33, 0x33, 0x30, 0x0, 0xba, 0xf, 0xff,
    0xff, 0xff, 0xfe, 0x0, 0xc, 0x90, 0xf4, 0x0,
    0x0, 0x5, 0xe0, 0x0, 0xf6, 0xf, 0x40, 0x0,
    0x0, 0x5e, 0x0, 0x4f, 0x20, 0xf4, 0x0, 0x0,
    0x5, 0xe0, 0xc, 0xb0, 0xf, 0xff, 0xff, 0xff,
    0xfe, 0x1, 0xc2, 0x0, 0xf7, 0x33, 0x33, 0x37,
    0xe0, 0x0, 0x0, 0x0, 0x0, 0x0, 0x0, 0x0,
    0x0,

    /* U+542B "含" */
    0x0, 0x0, 0x0, 0x1, 0x0, 0x0, 0x0, 0x0,
    0x0, 0x0, 0x0, 0x1e, 0xd1, 0x0, 0x0, 0x0,
    0x0, 0x0, 0x3, 0xeb, 0xce, 0x30, 0x0, 0x0,
    0x0, 0x0, 0x6f, 0xa2, 0x1a, 0xf8, 0x0, 0x0,
    0x0, 0x2c, 0xf7, 0xb, 0x90, 0x5f, 0xe7, 0x0,
    0x9, 0xfc, 0x20, 0x3, 0xb0, 0x1, 0x9f, 0xe0,
    0x9, 0x68, 0xdd, 0xdd, 0xdd, 0xdd, 0x42, 0x40,
    0x0, 0x3, 0x55, 0x55, 0x55, 0xdf, 0x30, 0x0,
    0x0, 0x0, 0x0, 0x0, 0x9, 0xf5, 0x0, 0x0,
    0x0, 0x1, 0x11, 0x11, 0x17, 0x61, 0x10, 0x0,
    0x0, 0x5f, 0xff, 0xff, 0xff, 0xff, 0xf6, 0x0,
    0x0, 0x5f, 0x22, 0x22, 0x22, 0x22, 0xd6, 0x0,
    0x0, 0x5f, 0x0, 0x0, 0x0, 0x0, 0xd6, 0x0,
    0x0, 0x5f, 0x44, 0x44, 0x44, 0x44, 0xe6, 0x0,
    0x0, 0x5f, 0xee, 0xee, 0xee, 0xee, 0xf6, 0x0,

    /* U+542F "启" */
    0x0, 0x0, 0x0, 0x5, 0xa0, 0x0, 0x0, 0x0,
    0x0, 0x33, 0x33, 0x7f, 0x43, 0x33, 0x30, 0x0,
    0x2f, 0xff, 0xff, 0xff, 0xff, 0xff, 0x10, 0x2,
    0xf2, 0x0, 0x0, 0x0, 0x3, 0xf1, 0x0, 0x2f,
    0x20, 0x0, 0x0, 0x0, 0x3f, 0x10, 0x2, 0xf6,
    0x55, 0x55, 0x55, 0x57, 0xf1, 0x0, 0x2f, 0xdd,
    0xdd, 0xdd, 0xdd, 0xdd, 0x0, 0x3, 0xf1, 0x0,
    0x0, 0x0, 0x0, 0x0, 0x0, 0x4f, 0x5, 0x55,
    0x55, 0x55, 0x55, 0x20, 0x7, 0xf0, 0xfd, 0xcc,
    0xcc, 0xcc, 0xf6, 0x0, 0xbb, 0xf, 0x50, 0x0,
    0x0, 0xe, 0x60, 0x1f, 0x60, 0xf5, 0x0, 0x0,
    0x0, 0xe6, 0xb, 0xd0, 0xf, 0xff, 0xff, 0xff,
    0xff, 0x61, 0xc2, 0x0, 0xf7, 0x33, 0x33, 0x33,
    0xe6, 0x0, 0x0, 0x0, 0x0, 0x0, 0x0, 0x0,
    0x0,

    /* U+5458 "员" */
    0x0, 0xf, 0xff, 0xff, 0xff, 0xff, 0x50, 0x0,
    0x0, 0xf5, 0x33, 0x33, 0x33, 0xe5, 0x0, 0x0,
    0xf, 0xba, 0xaa, 0xaa, 0xaf, 0x50, 0x0, 0x0,
    0x55, 0x55, 0x55, 0x55, 0x51, 0x0, 0x0, 0xbd,
    0xdd, 0xdd, 0xdd, 0xdd, 0xd1, 0x0, 0xd, 0x95,
    0x55, 0x55, 0x55, 0x6f, 0x20, 0x0, 0xd6, 0x0,
    0x1e, 0x20, 0x1, 0xf2, 0x0, 0xd, 0x60, 0x1,
    0xf2, 0x0, 0x1f, 0x20, 0x0, 0xd6, 0x0, 0x3f,
    0x20, 0x1, 0xf2, 0x0, 0xd, 0x60, 0x9, 0xf0,
    0x42, 0x1f, 0x20, 0x0, 0x21, 0x7, 0xf7, 0xb,
    0xf8, 0x20, 0x0, 0x2, 0x7d, 0xf6, 0x0, 0x5,
    0xee, 0x40, 0xd, 0xfd, 0x81, 0x0, 0x0, 0x1,
    0xaf, 0x30, 0x22, 0x0, 0x0, 0x0, 0x0, 0x0,
    0x30,

    /* U+56DE "回" */
    0x1, 0x11, 0x11, 0x11, 0x11, 0x11, 0x10, 0x4f,
    0xff, 0xff, 0xff, 0xff, 0xff, 0xf5, 0x4f, 0x22,
    0x22, 0x22, 0x22, 0x22, 0xf5, 0x4f, 0x0, 0x0,
    0x0, 0x0, 0x0, 0xf5, 0x4f, 0x0, 0xef, 0xff,
    0xfe, 0x0, 0xf5, 0x4f, 0x0, 0xf7, 0x33, 0x7f,
    0x0, 0xf5, 0x4f, 0x0, 0xf5, 0x0, 0x5f, 0x0,
    0xf5, 0x4f, 0x0, 0xf5, 0x0, 0x5f, 0x0, 0xf5,
    0x4f, 0x0, 0xf5, 0x0, 0x5f, 0x0, 0xf5, 0x4f,
    0x0, 0xff, 0xff, 0xff, 0x0, 0xf5, 0x4f, 0x0,
    0x23, 0x33, 0x32, 0x0, 0xf5, 0x4f, 0x0, 0x0,
    0x0, 0x0, 0x0, 0xf5, 0x4f, 0xff, 0xff, 0xff,
    0xff, 0xff, 0xf5, 0x4f, 0x33, 0x33, 0x33, 0x33,
    0x33, 0xf5,

    /* U+5728 "在" */
    0x0, 0x0, 0x0, 0xd4, 0x0, 0x0, 0x0, 0x0,
    0x0, 0x0, 0x5f, 0x10, 0x0, 0x0, 0x0, 0xf,
    0xff, 0xff, 0xff, 0xff, 0xff, 0xff, 0xf0, 0x33,
    0x38, 0xf4, 0x33, 0x33, 0x33, 0x33, 0x0, 0x1,
    0xe9, 0x0, 0xb, 0x60, 0x0, 0x0, 0x3, 0xff,
    0x10, 0x0, 0xd7, 0x0, 0x0, 0x0, 0x6f, 0x60,
    0x0, 0xd, 0x70, 0x0, 0x0, 0x3f, 0xf1, 0x9f,
    0xff, 0xff, 0xff, 0xf5, 0x2e, 0xef, 0x11, 0x33,
    0x3d, 0x83, 0x33, 0x2, 0xc4, 0xf1, 0x0, 0x0,
    0xd7, 0x0, 0x0, 0x0, 0x3f, 0x10, 0x0, 0xd,
    0x70, 0x0, 0x0, 0x3, 0xf1, 0x0, 0x0, 0xd7,
    0x0, 0x0, 0x0, 0x3f, 0x23, 0x33, 0x3d, 0x93,
    0x33, 0x30, 0x3, 0xf5, 0xff, 0xff, 0xff, 0xff,
    0xfd,

    /* U+5730 "地" */
    0x0, 0x0, 0x0, 0x0, 0x1, 0xf2, 0x0, 0x0,
    0x0, 0x4e, 0x0, 0xe, 0x51, 0xf2, 0x0, 0x0,
    0x0, 0x4e, 0x0, 0xe, 0x51, 0xf2, 0x0, 0x10,
    0x3, 0x7f, 0x32, 0xe, 0x51, 0xf6, 0x9e, 0x70,
    0x1f, 0xff, 0xfb, 0xe, 0x78, 0xff, 0xbe, 0x70,
    0x0, 0x4e, 0x0, 0x7f, 0xfc, 0xf3, 0xd, 0x70,
    0x0, 0x4e, 0x0, 0xaf, 0x51, 0xf2, 0xe, 0x60,
    0x0, 0x4e, 0x0, 0xe, 0x51, 0xf2, 0xf, 0x50,
    0x0, 0x4e, 0x0, 0xe, 0x51, 0xf3, 0x2f, 0x30,
    0x0, 0x4e, 0x55, 0xe, 0x51, 0xf7, 0xfd, 0x0,
    0x16, 0xbf, 0xd5, 0xe, 0x51, 0xf3, 0x41, 0x30,
    0x1d, 0x83, 0x0, 0xe, 0x50, 0x10, 0x1, 0xf3,
    0x0, 0x0, 0x0, 0xe, 0x83, 0x33, 0x48, 0xf0,
    0x0, 0x0, 0x0, 0x9, 0xff, 0xff, 0xfd, 0x70,

    /* U+5740 "址" */
    0x0, 0xc, 0x80, 0x0, 0x0, 0x5c, 0x0, 0x0,
    0x0, 0xc, 0x80, 0x0, 0x0, 0x6d, 0x0, 0x0,
    0x0, 0xc, 0x80, 0x0, 0x0, 0x6d, 0x0, 0x0,
    0x4, 0x4d, 0xa4, 0x26, 0x50, 0x6d, 0x0, 0x0,
    0xb, 0xdf, 0xed, 0x6b, 0xa0, 0x6d, 0x0, 0x0,
    0x0, 0xc, 0x80, 0xb, 0xa0, 0x6f, 0xff, 0xf1,
    0x0, 0xc, 0x80, 0xb, 0xa0, 0x6e, 0x33, 0x30,
    0x0, 0xc, 0x80, 0xb, 0xa0, 0x6d, 0x0, 0x0,
    0x0, 0xc, 0x80, 0x4b, 0xa0, 0x6d, 0x0, 0x0,
    0x0, 0xc, 0xce, 0xeb, 0xa0, 0x6d, 0x0, 0x0,
    0x8, 0xdf, 0xd6, 0xb, 0xa0, 0x6d, 0x0, 0x0,
    0xe, 0x83, 0x0, 0xb, 0xa0, 0x6d, 0x0, 0x0,
    0x0, 0x0, 0x2, 0x3b, 0xb3, 0x8e, 0x33, 0x31,
    0x0, 0x0, 0xc, 0xff, 0xff, 0xff, 0xff, 0xf5,

    /* U+57DF "域" */
    0x0, 0x0, 0x0, 0x0, 0x0, 0x1f, 0x11, 0x0,
    0x0, 0x5d, 0x0, 0x0, 0x0, 0x1f, 0x3e, 0x50,
    0x0, 0x5d, 0x0, 0x55, 0x55, 0x6f, 0x79, 0x72,
    0x0, 0x6d, 0x10, 0xcc, 0xcc, 0xcf, 0xdc, 0xc5,
    0xd, 0xff, 0xf8, 0x0, 0x0, 0xf, 0x30, 0x0,
    0x0, 0x5d, 0x0, 0x9f, 0xff, 0x5e, 0x50, 0xe3,
    0x0, 0x5d, 0x0, 0x98, 0x1c, 0x5c, 0x64, 0xe0,
    0x0, 0x5d, 0x0, 0x98, 0xc, 0x5b, 0x8c, 0x70,
    0x0, 0x5d, 0x0, 0x9f, 0xff, 0x58, 0xde, 0x10,
    0x0, 0x5e, 0x84, 0x11, 0x14, 0x66, 0xf7, 0x0,
    0x9, 0xee, 0x93, 0x69, 0xdf, 0xab, 0xf1, 0x33,
    0x8, 0x40, 0x3, 0xc8, 0x41, 0xbd, 0xe5, 0x87,
    0x0, 0x0, 0x0, 0x0, 0x2e, 0xd1, 0x7d, 0xc4,
    0x0, 0x0, 0x0, 0x0, 0x8, 0x0, 0xb, 0xc0,

    /* U+5907 "备" */
    0x0, 0x0, 0x3b, 0x0, 0x0, 0x0, 0x0, 0x0,
    0x0, 0xc, 0xd5, 0x55, 0x55, 0x54, 0x0, 0x0,
    0x6, 0xfc, 0xcc, 0xcc, 0xcf, 0xb0, 0x0, 0x5,
    0xff, 0x90, 0x0, 0xa, 0xe2, 0x0, 0x0, 0x66,
    0x3d, 0xd5, 0x6d, 0xc2, 0x0, 0x0, 0x0, 0x1,
    0x5e, 0xff, 0xe4, 0x0, 0x0, 0x8, 0xad, 0xfe,
    0x94, 0x5a, 0xff, 0xda, 0x70, 0x89, 0x63, 0x0,
    0x0, 0x0, 0x25, 0x86, 0x0, 0x4f, 0xff, 0xff,
    0xff, 0xff, 0xf3, 0x0, 0x4, 0xe2, 0x22, 0xe7,
    0x22, 0x2f, 0x30, 0x0, 0x4f, 0x33, 0x3e, 0x73,
    0x33, 0xf3, 0x0, 0x4, 0xfd, 0xdd, 0xfe, 0xdd,
    0xdf, 0x30, 0x0, 0x4e, 0x22, 0x2e, 0x62, 0x22,
    0xf3, 0x0, 0x4, 0xff, 0xff, 0xff, 0xff, 0xff,
    0x30,

    /* U+5929 "天" */
    0x0, 0xff, 0xff, 0xff, 0xff, 0xff, 0xfb, 0x0,
    0x0, 0x33, 0x33, 0x3e, 0x73, 0x33, 0x32, 0x0,
    0x0, 0x0, 0x0, 0xe, 0x50, 0x0, 0x0, 0x0,
    0x0, 0x0, 0x0, 0xe, 0x50, 0x0, 0x0, 0x0,
    0x3, 0x33, 0x33, 0x3e, 0x73, 0x33, 0x33, 0x20,
    0xe, 0xff, 0xff, 0xff, 0xff, 0xff, 0xff, 0x80,
    0x0, 0x0, 0x0, 0x2f, 0xb0, 0x0, 0x0, 0x0,
    0x0, 0x0, 0x0, 0x6f, 0xf4, 0x0, 0x0, 0x0,
    0x0, 0x0, 0x0, 0xda, 0x9d, 0x10, 0x0, 0x0,
    0x0, 0x0, 0x9, 0xf3, 0x1e, 0xb0, 0x0, 0x0,
    0x0, 0x0, 0xaf, 0x60, 0x3, 0xfc, 0x20, 0x0,
    0x0, 0x5d, 0xf6, 0x0, 0x0, 0x3e, 0xe7, 0x0,
    0xd, 0xfc, 0x20, 0x0, 0x0, 0x1, 0xaf, 0xd0,
    0x6, 0x30, 0x0, 0x0, 0x0, 0x0, 0x3, 0x40,

    /* U+5931 "失" */
    0x0, 0x0, 0x51, 0x3, 0xf0, 0x0, 0x0, 0x0,
    0x0, 0x2, 0xf2, 0x3, 0xf0, 0x0, 0x0, 0x0,
    0x0, 0x7, 0xe3, 0x35, 0xf3, 0x33, 0x33, 0x0,
    0x0, 0xe, 0xff, 0xff, 0xff, 0xff, 0xff, 0x0,
    0x0, 0x8e, 0x0, 0x3, 0xf0, 0x0, 0x0, 0x0,
    0x3, 0xf5, 0x0, 0x4, 0xf0, 0x0, 0x0, 0x0,
    0x0, 0x50, 0x0, 0x4, 0xf0, 0x0, 0x0, 0x0,
    0x5, 0xff, 0xff, 0xff, 0xff, 0xff, 0xff, 0xe0,
    0x1, 0x33, 0x33, 0x5f, 0xf8, 0x33, 0x33, 0x30,
    0x0, 0x0, 0x0, 0xad, 0x6e, 0x10, 0x0, 0x0,
    0x0, 0x0, 0xa, 0xf3, 0xb, 0xe2, 0x0, 0x0,
    0x0, 0x2, 0xcf, 0x30, 0x0, 0xbf, 0x60, 0x0,
    0x1, 0x9f, 0xc2, 0x0, 0x0, 0x7, 0xfd, 0x61,
    0xc, 0xe6, 0x0, 0x0, 0x0, 0x0, 0x2a, 0xf3,
    0x2, 0x0, 0x0, 0x0, 0x0, 0x0, 0x0, 0x10,

    /* U+5934 "头" */
    0x0, 0x0, 0x10, 0x0, 0x2f, 0x10, 0x0, 0x0,
    0x0, 0x0, 0xe9, 0x10, 0x2f, 0x10, 0x0, 0x0,
    0x0, 0x0, 0x3d, 0xd3, 0x2f, 0x10, 0x0, 0x0,
    0x0, 0x12, 0x0, 0xb6, 0x3f, 0x10, 0x0, 0x0,
    0x0, 0x8f, 0x70, 0x0, 0x4f, 0x0, 0x0, 0x0,
    0x0, 0x6, 0xfb, 0x0, 0x5f, 0x0, 0x0, 0x0,
    0x0, 0x0, 0x39, 0x0, 0x7e, 0x0, 0x0, 0x0,
    0x3, 0x33, 0x33, 0x33, 0xbc, 0x33, 0x33, 0x30,
    0x2f, 0xff, 0xff, 0xff, 0xff, 0xff, 0xff, 0xf1,
    0x0, 0x0, 0x0, 0xa, 0xd0, 0x0, 0x0, 0x0,
    0x0, 0x0, 0x0, 0x8f, 0x40, 0x74, 0x0, 0x0,
    0x0, 0x0, 0x1b, 0xf5, 0x0, 0x9f, 0x70, 0x0,
    0x0, 0x18, 0xfd, 0x40, 0x0, 0x6, 0xfb, 0x10,
    0x4, 0xfe, 0x70, 0x0, 0x0, 0x0, 0x3e, 0x80,
    0x0, 0x40, 0x0, 0x0, 0x0, 0x0, 0x1, 0x0,

    /* U+59CB "始" */
    0x0, 0x8, 0x70, 0x0, 0x2, 0xd2, 0x0, 0x0,
    0x0, 0xc, 0x70, 0x0, 0x8, 0xd0, 0x0, 0x0,
    0x2, 0x2f, 0x52, 0x10, 0xe, 0x60, 0xa1, 0x0,
    0x1f, 0xff, 0xff, 0xa0, 0x8d, 0x0, 0xba, 0x0,
    0x1, 0x7c, 0x1a, 0x94, 0xf3, 0x2, 0x7f, 0x30,
    0x0, 0xb8, 0xb, 0x7d, 0xfe, 0xff, 0xcd, 0xa0,
    0x0, 0xf4, 0xe, 0x54, 0x53, 0x20, 0x3, 0xc0,
    0x4, 0xf0, 0x1f, 0x20, 0x11, 0x11, 0x11, 0x0,
    0x5, 0xf5, 0x6e, 0x4, 0xff, 0xff, 0xff, 0x40,
    0x0, 0x5f, 0xe8, 0x4, 0xe1, 0x11, 0x1e, 0x40,
    0x0, 0x9, 0xf6, 0x4, 0xe0, 0x0, 0xe, 0x40,
    0x0, 0x3f, 0xbf, 0x44, 0xe0, 0x0, 0xe, 0x40,
    0x4, 0xe9, 0x8, 0xb4, 0xfe, 0xee, 0xef, 0x40,
    0xc, 0x70, 0x0, 0x4, 0xf3, 0x33, 0x3f, 0x40,
    0x0, 0x0, 0x0, 0x0, 0x0, 0x0, 0x0, 0x0,

    /* U+59D3 "姓" */
    0x0, 0xc, 0x30, 0x0, 0x0, 0x5c, 0x0, 0x0,
    0x0, 0xf, 0x10, 0x0, 0xd3, 0x5c, 0x0, 0x0,
    0x0, 0x3f, 0x0, 0x3, 0xf1, 0x5c, 0x0, 0x0,
    0x2f, 0xff, 0xff, 0x47, 0xe3, 0x7d, 0x33, 0x30,
    0x4, 0xca, 0x4f, 0x3e, 0xfe, 0xef, 0xee, 0xd0,
    0x0, 0xe4, 0x1f, 0x7f, 0x20, 0x5c, 0x0, 0x0,
    0x3, 0xf0, 0x4f, 0x47, 0x0, 0x5c, 0x0, 0x0,
    0x7, 0xb0, 0x7c, 0x0, 0x0, 0x5c, 0x0, 0x0,
    0x7, 0xf3, 0xc8, 0x5, 0xff, 0xff, 0xff, 0xb0,
    0x0, 0x8f, 0xf3, 0x1, 0x22, 0x7d, 0x22, 0x20,
    0x0, 0xd, 0xf1, 0x0, 0x0, 0x5c, 0x0, 0x0,
    0x0, 0x5f, 0xeb, 0x0, 0x0, 0x5c, 0x0, 0x0,
    0x3, 0xf8, 0x2f, 0x53, 0x33, 0x7d, 0x33, 0x30,
    0xe, 0xa0, 0x2, 0xf, 0xff, 0xff, 0xff, 0xf3,
    0x3, 0x0, 0x0, 0x0, 0x0, 0x0, 0x0, 0x0,

    /* U+5B57 "字" */
    0x0, 0x0, 0x0, 0xa4, 0x0, 0x0, 0x0, 0x45,
    0x55, 0x55, 0xdc, 0x55, 0x55, 0x54, 0xde, 0xcc,
    0xcc, 0xcc, 0xcc, 0xcc, 0xed, 0xd7, 0x0, 0x0,
    0x0, 0x0, 0x0, 0x7d, 0x63, 0xdf, 0xff, 0xff,
    0xff, 0xfa, 0x36, 0x0, 0x33, 0x33, 0x33, 0x5e,
    0xf6, 0x0, 0x0, 0x0, 0x0, 0x7, 0xfe, 0x40,
    0x0, 0x0, 0x0, 0x0, 0xaf, 0x80, 0x0, 0x0,
    0x55, 0x55, 0x55, 0xdc, 0x55, 0x55, 0x55, 0xde,
    0xee, 0xee, 0xff, 0xee, 0xee, 0xed, 0x0, 0x0,
    0x0, 0xcb, 0x0, 0x0, 0x0, 0x0, 0x0, 0x0,
    0xcb, 0x0, 0x0, 0x0, 0x0, 0x4, 0x43, 0xda,
    0x0, 0x0, 0x0, 0x0, 0x9, 0xdf, 0xf6, 0x0,
    0x0, 0x0,

    /* U+5B58 "存" */
    0x0, 0x0, 0x0, 0xb2, 0x0, 0x0, 0x0, 0x0,
    0x3, 0x33, 0x37, 0xf4, 0x33, 0x33, 0x33, 0x30,
    0xe, 0xff, 0xff, 0xff, 0xff, 0xff, 0xff, 0xe0,
    0x0, 0x0, 0x9f, 0x10, 0x0, 0x0, 0x0, 0x0,
    0x0, 0x9, 0xf7, 0x15, 0x55, 0x55, 0x52, 0x0,
    0x0, 0x1f, 0xd0, 0x4d, 0xdd, 0xdd, 0xf8, 0x0,
    0x0, 0x7f, 0x40, 0x0, 0x0, 0xb, 0xd1, 0x0,
    0x5, 0xff, 0x30, 0x0, 0x0, 0xdc, 0x10, 0x0,
    0x1f, 0x7f, 0x32, 0x33, 0x33, 0xf5, 0x33, 0x30,
    0x2, 0x1f, 0x3a, 0xff, 0xff, 0xff, 0xff, 0xf2,
    0x0, 0x1f, 0x30, 0x0, 0x0, 0xf2, 0x0, 0x0,
    0x0, 0x1f, 0x30, 0x0, 0x0, 0xf2, 0x0, 0x0,
    0x0, 0x1f, 0x30, 0x0, 0x23, 0xf1, 0x0, 0x0,
    0x0, 0x1f, 0x30, 0x0, 0xaf, 0xc0, 0x0, 0x0,

    /* U+5B9A "定" */
    0x0, 0x0, 0x0, 0x2, 0x0, 0x0, 0x0, 0x0,
    0x0, 0x0, 0x2, 0xf4, 0x0, 0x0, 0x0, 0xd,
    0xee, 0xee, 0xef, 0xfe, 0xee, 0xee, 0x50, 0xe7,
    0x33, 0x33, 0x33, 0x33, 0x33, 0xf6, 0xb, 0x40,
    0x0, 0x0, 0x0, 0x0, 0xc, 0x50, 0x1, 0x44,
    0x44, 0x44, 0x44, 0x43, 0x0, 0x0, 0x4d, 0xdd,
    0xdf, 0xed, 0xdd, 0xa0, 0x0, 0x0, 0x0, 0x0,
    0xe6, 0x0, 0x0, 0x0, 0x0, 0x5, 0x90, 0xe,
    0x60, 0x0, 0x0, 0x0, 0x0, 0x9a, 0x0, 0xe9,
    0x55, 0x53, 0x0, 0x0, 0xe, 0x60, 0xe, 0xdc,
    0xcc, 0x80, 0x0, 0x5, 0xf8, 0x0, 0xe6, 0x0,
    0x0, 0x0, 0x0, 0xdb, 0xe6, 0xe, 0x60, 0x0,
    0x0, 0x0, 0x9f, 0x13, 0xed, 0xfa, 0x66, 0x65,
    0x54, 0x2f, 0x50, 0x1, 0x7b, 0xde, 0xff, 0xff,
    0xa0, 0x20, 0x0, 0x0, 0x0, 0x0, 0x0, 0x0,

    /* U+5BC6 "密" */
    0x0, 0x0, 0x0, 0x2b, 0x10, 0x0, 0x0, 0x0,
    0x55, 0x55, 0x55, 0xf9, 0x55, 0x55, 0x53, 0xe,
    0xdc, 0xcc, 0xcd, 0xcc, 0xcc, 0xce, 0xb0, 0xe5,
    0x1, 0x35, 0xe4, 0x2, 0xb1, 0x8b, 0x7, 0x52,
    0x5e, 0x9, 0xa4, 0xe9, 0x5, 0x50, 0x1d, 0xa5,
    0xe0, 0x19, 0xf6, 0xb, 0x90, 0x9, 0xd1, 0x5f,
    0x9f, 0xb2, 0x8, 0x5f, 0x50, 0x38, 0xae, 0xfd,
    0x63, 0x49, 0xf1, 0x9a, 0x1f, 0xea, 0x6c, 0xef,
    0xfe, 0xd6, 0x0, 0x0, 0x10, 0x0, 0x0, 0x52,
    0x0, 0x0, 0x0, 0x1, 0xa1, 0x0, 0xe, 0x60,
    0x0, 0x2a, 0x0, 0x2f, 0x20, 0x0, 0xe6, 0x0,
    0x3, 0xf0, 0x2, 0xf7, 0x55, 0x5f, 0x95, 0x55,
    0x7f, 0x0, 0x2d, 0xdd, 0xdd, 0xdd, 0xdd, 0xde,
    0xf0,

    /* U+5BF9 "对" */
    0x0, 0x0, 0x0, 0x0, 0x0, 0x0, 0xf4, 0x0,
    0xf, 0xff, 0xff, 0x20, 0x0, 0x0, 0xf4, 0x0,
    0x4, 0x44, 0x6f, 0x0, 0x0, 0x0, 0xf4, 0x0,
    0x7, 0x30, 0x4f, 0x1e, 0xee, 0xee, 0xfe, 0xe1,
    0x8, 0xd0, 0x6c, 0x4, 0x44, 0x44, 0xf7, 0x40,
    0x0, 0xd9, 0x99, 0x1, 0x70, 0x0, 0xf4, 0x0,
    0x0, 0x3f, 0xf6, 0x1, 0xf5, 0x0, 0xf4, 0x0,
    0x0, 0x9, 0xf2, 0x0, 0x8d, 0x0, 0xf4, 0x0,
    0x0, 0x8, 0xf7, 0x0, 0x2f, 0x40, 0xf4, 0x0,
    0x0, 0xe, 0xce, 0x0, 0xa, 0x50, 0xf4, 0x0,
    0x0, 0x7e, 0x1e, 0x70, 0x0, 0x0, 0xf4, 0x0,
    0x2, 0xf6, 0x5, 0x10, 0x0, 0x0, 0xf4, 0x0,
    0xe, 0xa0, 0x0, 0x0, 0x3, 0x55, 0xf3, 0x0,
    0x5, 0x0, 0x0, 0x0, 0x3, 0xdf, 0xc0, 0x0,

    /* U+5C0F "小" */
    0x0, 0x0, 0x0, 0x5e, 0x0, 0x0, 0x0, 0x0,
    0x0, 0x0, 0x5, 0xe0, 0x0, 0x0, 0x0, 0x0,
    0x0, 0x0, 0x5e, 0x0, 0x0, 0x0, 0x0, 0x1,
    0xd1, 0x5, 0xe0, 0xa, 0x70, 0x0, 0x0, 0x7e,
    0x0, 0x5e, 0x0, 0x7e, 0x0, 0x0, 0xc, 0xa0,
    0x5, 0xe0, 0x1, 0xf6, 0x0, 0x1, 0xf5, 0x0,
    0x5e, 0x0, 0x9, 0xd0, 0x0, 0x7f, 0x0, 0x5,
    0xe0, 0x0, 0x3f, 0x30, 0xe, 0x90, 0x0, 0x5e,
    0x0, 0x0, 0xe9, 0x7, 0xf2, 0x0, 0x5, 0xe0,
    0x0, 0x9, 0xe0, 0x8a, 0x0, 0x0, 0x5e, 0x0,
    0x0, 0x4d, 0x10, 0x0, 0x0, 0x5, 0xe0, 0x0,
    0x0, 0x0, 0x0, 0x3, 0x53, 0x8e, 0x0, 0x0,
    0x0, 0x0, 0x0, 0x4d, 0xef, 0x90, 0x0, 0x0,
    0x0,

    /* U+5C31 "就" */
    0x0, 0x6, 0xa0, 0x0, 0x0, 0xd6, 0x1, 0x0,
    0x3, 0x37, 0xf4, 0x33, 0x0, 0xd6, 0x7d, 0x0,
    0xe, 0xff, 0xff, 0xff, 0x0, 0xd6, 0xb, 0x30,
    0x0, 0x0, 0x0, 0x0, 0x66, 0xea, 0x66, 0x60,
    0x6, 0xff, 0xff, 0xf6, 0xaa, 0xfc, 0xaa, 0xa0,
    0x7, 0xc2, 0x22, 0xc7, 0x0, 0xf3, 0x0, 0x0,
    0x7, 0xc0, 0x0, 0xc7, 0x0, 0xf7, 0xe0, 0x0,
    0x7, 0xc2, 0x22, 0xc7, 0x2, 0xf5, 0xe0, 0x0,
    0x6, 0xff, 0xff, 0xf6, 0x6, 0xd5, 0xe0, 0x0,
    0x0, 0x32, 0xf1, 0x30, 0xa, 0x95, 0xe0, 0x0,
    0x3, 0xf3, 0xf3, 0xf2, 0x1f, 0x45, 0xe0, 0x0,
    0xc, 0x82, 0xf1, 0x9a, 0x8d, 0x5, 0xe0, 0xa2,
    0x19, 0x36, 0xf0, 0x15, 0xf4, 0x4, 0xe3, 0xf2,
    0x0, 0x7f, 0xb0, 0x5, 0x70, 0x1, 0xdf, 0xa0,
    0x0, 0x0, 0x0, 0x0, 0x0, 0x0, 0x0, 0x0,

    /* U+5C3D "尽" */
    0x0, 0x5f, 0xff, 0xff, 0xff, 0xff, 0xfe, 0x0,
    0x0, 0x5e, 0x33, 0x33, 0x33, 0x33, 0x7e, 0x0,
    0x0, 0x5e, 0x0, 0x0, 0x0, 0x0, 0x5e, 0x0,
    0x0, 0x5f, 0xff, 0xff, 0xff, 0xff, 0xfe, 0x0,
    0x0, 0x5e, 0x33, 0x33, 0x33, 0x9d, 0x33, 0x0,
    0x0, 0x5d, 0x1, 0x0, 0x0, 0x4f, 0x0, 0x0,
    0x0, 0x7c, 0xe, 0xd7, 0x10, 0xe, 0x60, 0x0,
    0x0, 0xa9, 0x2, 0x8e, 0xfa, 0x37, 0xe1, 0x0,
    0x0, 0xe6, 0x0, 0x0, 0x5d, 0xf2, 0xdc, 0x0,
    0x6, 0xf1, 0x44, 0x0, 0x0, 0x30, 0x2e, 0xd2,
    0xe, 0xa0, 0x9f, 0xe9, 0x30, 0x0, 0x2, 0xc2,
    0x5, 0x10, 0x0, 0x5b, 0xfc, 0x50, 0x0, 0x0,
    0x0, 0x0, 0x0, 0x0, 0x2a, 0xfc, 0x0, 0x0,
    0x0, 0x0, 0x0, 0x0, 0x0, 0x24, 0x0, 0x0,

    /* U+5C40 "局" */
    0x0, 0xaf, 0xff, 0xff, 0xff, 0xff, 0xff, 0xe0,
    0xa, 0x91, 0x11, 0x11, 0x11, 0x11, 0x6e, 0x0,
    0xae, 0xdd, 0xdd, 0xdd, 0xdd, 0xde, 0xe0, 0xa,
    0xb4, 0x44, 0x44, 0x44, 0x44, 0x44, 0x0, 0xab,
    0x11, 0x11, 0x11, 0x11, 0x11, 0x10, 0xb, 0xff,
    0xff, 0xff, 0xff, 0xff, 0xff, 0x0, 0xa8, 0x0,
    0x0, 0x0, 0x0, 0x3, 0xf0, 0xc, 0x75, 0xff,
    0xff, 0xff, 0x50, 0x4e, 0x0, 0xe5, 0x6c, 0x22,
    0x22, 0xd6, 0x4, 0xe0, 0x2f, 0x36, 0xc0, 0x0,
    0xd, 0x60, 0x5d, 0x6, 0xf0, 0x6f, 0xff, 0xff,
    0xf6, 0x7, 0xc0, 0xca, 0x1, 0x22, 0x22, 0x25,
    0x32, 0xc9, 0xc, 0x40, 0x0, 0x0, 0x0, 0x9f,
    0xfe, 0x20, 0x0, 0x0, 0x0, 0x0, 0x0, 0x0,
    0x0,

    /* U+5DF2 "已" */
    0x1, 0x11, 0x11, 0x11, 0x11, 0x10, 0x0, 0x9f,
    0xff, 0xff, 0xff, 0xff, 0xfe, 0x0, 0x12, 0x22,
    0x22, 0x22, 0x22, 0x6e, 0x0, 0x2, 0x10, 0x0,
    0x0, 0x0, 0x5e, 0x0, 0xe, 0x50, 0x0, 0x0,
    0x0, 0x5e, 0x0, 0xe, 0x62, 0x22, 0x22, 0x22,
    0x6e, 0x0, 0xe, 0xff, 0xff, 0xff, 0xff, 0xfe,
    0x0, 0xe, 0x61, 0x11, 0x11, 0x11, 0x5e, 0x0,
    0xe, 0x50, 0x0, 0x0, 0x0, 0x0, 0x0, 0xe,
    0x50, 0x0, 0x0, 0x0, 0x0, 0x10, 0xe, 0x50,
    0x0, 0x0, 0x0, 0x0, 0x7b, 0xe, 0x50, 0x0,
    0x0, 0x0, 0x0, 0xa9, 0xd, 0xb5, 0x44, 0x44,
    0x44, 0x68, 0xf4, 0x5, 0xdf, 0xff, 0xff, 0xfe,
    0xdc, 0x70,

    /* U+5E26 "带" */
    0x0, 0x0, 0x0, 0x0, 0x0, 0x0, 0x0, 0x0,
    0x5e, 0x0, 0xe5, 0x0, 0xf4, 0x0, 0x68, 0xaf,
    0x88, 0xfa, 0x88, 0xfa, 0x87, 0x9b, 0xcf, 0xbb,
    0xfc, 0xbb, 0xfc, 0xba, 0x0, 0x5e, 0x0, 0xe5,
    0x0, 0xf4, 0x0, 0x0, 0x39, 0x0, 0x83, 0x0,
    0x92, 0x0, 0xef, 0xff, 0xff, 0xff, 0xff, 0xff,
    0xfe, 0xe7, 0x22, 0x22, 0xe6, 0x22, 0x22, 0x7e,
    0xe5, 0x0, 0x0, 0xf4, 0x0, 0x0, 0x4d, 0x3,
    0xee, 0xee, 0xfe, 0xee, 0xee, 0x0, 0x4, 0xf4,
    0x33, 0xf7, 0x33, 0x5f, 0x0, 0x4, 0xf0, 0x0,
    0xf4, 0x0, 0x2f, 0x0, 0x4, 0xf0, 0x0, 0xf4,
    0x0, 0x3f, 0x0, 0x4, 0xf0, 0x0, 0xf4, 0x8f,
    0xfd, 0x0, 0x1, 0x50, 0x0, 0xf4, 0x13, 0x40,
    0x0,

    /* U+5F00 "开" */
    0x0, 0xdf, 0xff, 0xff, 0xff, 0xff, 0xff, 0x30,
    0x0, 0x23, 0x3f, 0x53, 0x33, 0x9c, 0x33, 0x0,
    0x0, 0x0, 0x1f, 0x20, 0x0, 0x8c, 0x0, 0x0,
    0x0, 0x0, 0x1f, 0x20, 0x0, 0x8c, 0x0, 0x0,
    0x0, 0x0, 0x1f, 0x20, 0x0, 0x8c, 0x0, 0x0,
    0xe, 0xee, 0xef, 0xee, 0xee, 0xff, 0xee, 0xe1,
    0x4, 0x44, 0x8f, 0x44, 0x44, 0xad, 0x44, 0x40,
    0x0, 0x0, 0x8b, 0x0, 0x0, 0x8c, 0x0, 0x0,
    0x0, 0x0, 0xd7, 0x0, 0x0, 0x8c, 0x0, 0x0,
    0x0, 0x5, 0xf1, 0x0, 0x0, 0x8c, 0x0, 0x0,
    0x0, 0x1e, 0x80, 0x0, 0x0, 0x8c, 0x0, 0x0,
    0x2, 0xdc, 0x0, 0x0, 0x0, 0x8c, 0x0, 0x0,
    0x9, 0xb1, 0x0, 0x0, 0x0, 0x8c, 0x0, 0x0,
    0x0, 0x0, 0x0, 0x0, 0x0, 0x0, 0x0, 0x0,

    /* U+5F0F "式" */
    0x0, 0x0, 0x0, 0x2, 0xf3, 0x4b, 0x20, 0x0,
    0x0, 0x0, 0x0, 0x1f, 0x31, 0xbd, 0x0, 0x33,
    0x33, 0x33, 0x34, 0xf6, 0x34, 0x63, 0xd, 0xff,
    0xff, 0xff, 0xff, 0xff, 0xff, 0xe0, 0x0, 0x0,
    0x0, 0x0, 0xe6, 0x0, 0x0, 0x0, 0x0, 0x0,
    0x0, 0xd, 0x80, 0x0, 0x0, 0x14, 0x44, 0x44,
    0x41, 0xaa, 0x0, 0x0, 0x5, 0xee, 0xff, 0xee,
    0x37, 0xd0, 0x0, 0x0, 0x0, 0xd, 0x70, 0x0,
    0x3f, 0x20, 0x0, 0x0, 0x0, 0xd7, 0x0, 0x0,
    0xe6, 0x0, 0x0, 0x0, 0xd, 0x70, 0x0, 0x9,
    0xc0, 0x1e, 0x1, 0x35, 0xec, 0xce, 0xb0, 0x2f,
    0x34, 0xe0, 0xcf, 0xec, 0x96, 0x30, 0x0, 0xad,
    0xc9, 0x1, 0x0, 0x0, 0x0, 0x0, 0x1, 0xbd,
    0x10,

    /* U+5F53 "当" */
    0x2, 0x0, 0x0, 0xd6, 0x0, 0x2, 0x2, 0xf6,
    0x0, 0xd, 0x60, 0x2, 0xf4, 0x8, 0xf2, 0x0,
    0xd6, 0x0, 0xad, 0x0, 0xd, 0xa0, 0xd, 0x60,
    0x4f, 0x40, 0x0, 0x20, 0x0, 0xd6, 0x0, 0x40,
    0x5, 0xff, 0xff, 0xff, 0xff, 0xff, 0xf5, 0x13,
    0x33, 0x33, 0x33, 0x33, 0x3f, 0x50, 0x0, 0x0,
    0x0, 0x0, 0x0, 0xe5, 0x3, 0x33, 0x33, 0x33,
    0x33, 0x3f, 0x50, 0xff, 0xff, 0xff, 0xff, 0xff,
    0xf5, 0x0, 0x0, 0x0, 0x0, 0x0, 0xe, 0x50,
    0x0, 0x0, 0x0, 0x0, 0x0, 0xe5, 0x6d, 0xdd,
    0xdd, 0xdd, 0xdd, 0xdf, 0x52, 0x55, 0x55, 0x55,
    0x55, 0x55, 0xf5,

    /* U+5F55 "录" */
    0x0, 0x9f, 0xff, 0xff, 0xff, 0xff, 0x30, 0x0,
    0x0, 0x13, 0x33, 0x33, 0x33, 0x3f, 0x30, 0x0,
    0x0, 0xf, 0xff, 0xff, 0xff, 0xff, 0x30, 0x0,
    0x0, 0x3, 0x33, 0x33, 0x33, 0x4f, 0x30, 0x0,
    0x5, 0x55, 0x55, 0x55, 0x55, 0x5f, 0x75, 0x40,
    0x2e, 0xee, 0xee, 0xef, 0xfe, 0xee, 0xee, 0xb0,
    0x0, 0x16, 0x0, 0xe, 0xf2, 0x0, 0x30, 0x0,
    0x0, 0x3e, 0x80, 0xe, 0xdd, 0x14, 0xf6, 0x0,
    0x0, 0x4, 0x83, 0x4e, 0x5c, 0xdf, 0x60, 0x0,
    0x0, 0x2, 0xaf, 0x5e, 0x51, 0xcd, 0x30, 0x0,
    0x6, 0xcf, 0xa1, 0xe, 0x50, 0xb, 0xf9, 0x20,
    0xb, 0x92, 0x4, 0x3f, 0x50, 0x0, 0x6e, 0xa0,
    0x0, 0x0, 0xb, 0xfd, 0x10, 0x0, 0x1, 0x0,

    /* U+5F85 "待" */
    0x0, 0x3, 0xb0, 0x0, 0x1, 0xf3, 0x0, 0x0,
    0x0, 0x1d, 0x90, 0x2, 0x22, 0xf4, 0x22, 0x10,
    0x0, 0xcd, 0x0, 0x7f, 0xff, 0xff, 0xff, 0x90,
    0xd, 0xd1, 0x20, 0x0, 0x1, 0xf3, 0x0, 0x0,
    0x5, 0x10, 0xd7, 0x22, 0x22, 0xf4, 0x22, 0x20,
    0x0, 0x9, 0xb4, 0xff, 0xff, 0xff, 0xff, 0xf2,
    0x0, 0x7f, 0x0, 0x11, 0x11, 0x11, 0xe8, 0x10,
    0x7, 0xff, 0x0, 0x22, 0x22, 0x22, 0xd8, 0x20,
    0x1d, 0x7f, 0x2, 0xff, 0xff, 0xff, 0xff, 0xf3,
    0x0, 0x3f, 0x0, 0x13, 0x31, 0x11, 0xd7, 0x10,
    0x0, 0x3f, 0x0, 0x8, 0xd0, 0x0, 0xd7, 0x0,
    0x0, 0x3f, 0x0, 0x0, 0xd3, 0x0, 0xd7, 0x0,
    0x0, 0x3f, 0x0, 0x0, 0x3, 0x65, 0xe6, 0x0,
    0x0, 0x3f, 0x0, 0x0, 0x3, 0xde, 0xc1, 0x0,

    /* U+5FEB "快" */
    0x0, 0xe, 0x40, 0x0, 0xe, 0x40, 0x0, 0x0,
    0x0, 0xe, 0x40, 0x0, 0xe, 0x40, 0x0, 0x0,
    0x0, 0xe, 0x40, 0x13, 0x3f, 0x73, 0x32, 0x0,
    0x7, 0x2e, 0x80, 0x5f, 0xff, 0xff, 0xfa, 0x0,
    0xf, 0x4e, 0xf6, 0x0, 0xe, 0x40, 0x9a, 0x0,
    0x1f, 0x1e, 0x7f, 0x30, 0xf, 0x40, 0x9a, 0x0,
    0x5e, 0xe, 0x44, 0x0, 0xf, 0x30, 0x9a, 0x0,
    0x26, 0xe, 0x4b, 0xff, 0xff, 0xff, 0xff, 0xf0,
    0x0, 0xe, 0x43, 0x44, 0x9f, 0xf5, 0x44, 0x40,
    0x0, 0xe, 0x40, 0x0, 0xca, 0xd8, 0x0, 0x0,
    0x0, 0xe, 0x40, 0x6, 0xf2, 0x4f, 0x40, 0x0,
    0x0, 0xe, 0x40, 0x5f, 0x80, 0x8, 0xf4, 0x0,
    0x0, 0xe, 0x47, 0xf9, 0x0, 0x0, 0x9f, 0x90,
    0x0, 0xe, 0x6c, 0x70, 0x0, 0x0, 0x6, 0xa0,

    /* U+6001 "态" */
    0x0, 0x0, 0x0, 0x0, 0x0, 0x0, 0x0, 0x0,
    0x0, 0x0, 0x0, 0xc, 0x60, 0x0, 0x0, 0x0,
    0x0, 0x0, 0x0, 0xe, 0x50, 0x0, 0x0, 0x0,
    0x1, 0xff, 0xff, 0xff, 0xff, 0xff, 0xff, 0x60,
    0x0, 0x33, 0x33, 0xad, 0x7f, 0x43, 0x33, 0x10,
    0x0, 0x0, 0x2, 0xf5, 0xc, 0xb0, 0x0, 0x0,
    0x0, 0x0, 0x3e, 0xb0, 0x1, 0xea, 0x0, 0x0,
    0x0, 0x29, 0xfb, 0x2f, 0x91, 0x2d, 0xe6, 0x0,
    0x9, 0xfd, 0x50, 0x3, 0xd8, 0x0, 0x9f, 0xd0,
    0x1, 0x20, 0x0, 0x1, 0x20, 0x0, 0x0, 0x30,
    0x0, 0x52, 0x6b, 0x9, 0xd0, 0x0, 0x69, 0x0,
    0x0, 0xe6, 0x7c, 0x1, 0xe7, 0x0, 0x4f, 0x40,
    0x7, 0xe0, 0x7c, 0x0, 0x53, 0xe, 0x3b, 0xc0,
    0x2f, 0x60, 0x7e, 0x33, 0x34, 0x8f, 0x14, 0xf2,
    0x7, 0x0, 0x2d, 0xff, 0xfe, 0xd7, 0x0, 0x20,

    /* U+606F "息" */
    0x0, 0x0, 0x0, 0x10, 0x0, 0x0, 0x0, 0x0,
    0x0, 0x0, 0x0, 0xbb, 0x0, 0x0, 0x0, 0x0,
    0x0, 0x5f, 0xff, 0xff, 0xff, 0xff, 0xf5, 0x0,
    0x0, 0x5f, 0x33, 0x33, 0x33, 0x33, 0xf5, 0x0,
    0x0, 0x5f, 0xbb, 0xbb, 0xbb, 0xbb, 0xf5, 0x0,
    0x0, 0x5f, 0x44, 0x44, 0x44, 0x44, 0xf5, 0x0,
    0x0, 0x5f, 0xbb, 0xbb, 0xbb, 0xbb, 0xf5, 0x0,
    0x0, 0x5f, 0x33, 0x33, 0x33, 0x33, 0xf5, 0x0,
    0x0, 0x5f, 0x44, 0x44, 0x44, 0x44, 0xf5, 0x0,
    0x0, 0x4e, 0xee, 0xee, 0xee, 0xee, 0xe4, 0x0,
    0x0, 0x20, 0x24, 0xa, 0x40, 0x0, 0x20, 0x0,
    0x0, 0xd7, 0x7c, 0x9, 0xf7, 0x0, 0xda, 0x0,
    0x7, 0xf1, 0x7c, 0x0, 0x78, 0x18, 0x4f, 0x60,
    0x1f, 0x80, 0x7d, 0x22, 0x23, 0x8f, 0x9, 0xe0,
    0x6, 0x0, 0x2d, 0xff, 0xff, 0xd7, 0x1, 0x40,

    /* U+6210 "成" */
    0x0, 0x0, 0x0, 0x0, 0x4f, 0x8, 0x70, 0x0,
    0x0, 0x0, 0x0, 0x0, 0x3f, 0x5, 0xf1, 0x0,
    0x0, 0x55, 0x55, 0x55, 0x7f, 0x65, 0x75, 0x20,
    0x0, 0xfd, 0xcc, 0xcc, 0xcf, 0xcc, 0xcc, 0x40,
    0x0, 0xf4, 0x0, 0x0, 0x1f, 0x20, 0x0, 0x0,
    0x0, 0xf4, 0x0, 0x0, 0xf, 0x40, 0x79, 0x0,
    0x0, 0xff, 0xff, 0xf7, 0xd, 0x60, 0xc9, 0x0,
    0x0, 0xf4, 0x11, 0xd7, 0xa, 0x91, 0xf4, 0x0,
    0x0, 0xf2, 0x0, 0xe6, 0x7, 0xd8, 0xe0, 0x0,
    0x1, 0xf1, 0x0, 0xf5, 0x3, 0xff, 0x80, 0x0,
    0x5, 0xe0, 0x0, 0xf4, 0x0, 0xef, 0x10, 0x0,
    0xa, 0xa0, 0x56, 0xf1, 0x7, 0xff, 0x10, 0x70,
    0x1f, 0x50, 0xae, 0x91, 0xcf, 0x8d, 0xd8, 0xe0,
    0x19, 0x0, 0x0, 0x1, 0xc4, 0x1, 0xbe, 0x50,

    /* U+6216 "或" */
    0x0, 0x0, 0x0, 0x0, 0x0, 0x0, 0x0, 0x0,
    0x0, 0x0, 0x0, 0x0, 0x1f, 0x30, 0xc5, 0x0,
    0x0, 0x0, 0x0, 0x0, 0x1f, 0x30, 0x7b, 0x0,
    0xd, 0xdd, 0xdd, 0xdd, 0xdf, 0xed, 0xdd, 0xd0,
    0x5, 0x55, 0x55, 0x55, 0x5f, 0x95, 0x55, 0x50,
    0x0, 0x11, 0x11, 0x10, 0xd, 0x60, 0x0, 0x0,
    0x0, 0xff, 0xff, 0xf6, 0xb, 0x80, 0x39, 0x0,
    0x0, 0xf5, 0x22, 0xe6, 0x9, 0xa0, 0x9c, 0x0,
    0x0, 0xf4, 0x0, 0xe6, 0x5, 0xd0, 0xe6, 0x0,
    0x0, 0xf8, 0x55, 0xe6, 0x1, 0xf8, 0xe0, 0x0,
    0x0, 0xdd, 0xdd, 0xd5, 0x0, 0xcf, 0x70, 0x0,
    0x0, 0x0, 0x0, 0x15, 0x0, 0xcf, 0x0, 0x21,
    0x2, 0x47, 0xad, 0xfd, 0x3c, 0xed, 0x70, 0xa8,
    0xc, 0xdb, 0x85, 0x15, 0xed, 0x13, 0xf8, 0xe5,
    0x0, 0x0, 0x0, 0x7, 0x80, 0x0, 0x3d, 0xb0,

    /* U+6237 "户" */
    0x0, 0x0, 0x0, 0x5, 0x60, 0x0, 0x0, 0x0,
    0x0, 0x0, 0x0, 0x8f, 0x0, 0x0, 0x0, 0x0,
    0x3, 0x33, 0x35, 0xf6, 0x33, 0x33, 0x0, 0x1,
    0xff, 0xff, 0xff, 0xff, 0xff, 0xf2, 0x0, 0x1f,
    0x30, 0x0, 0x0, 0x0, 0x2f, 0x20, 0x1, 0xf3,
    0x0, 0x0, 0x0, 0x2, 0xf2, 0x0, 0x1f, 0x63,
    0x33, 0x33, 0x33, 0x5f, 0x20, 0x1, 0xff, 0xff,
    0xff, 0xff, 0xff, 0xf1, 0x0, 0x1f, 0x10, 0x0,
    0x0, 0x0, 0x0, 0x0, 0x3, 0xf0, 0x0, 0x0,
    0x0, 0x0, 0x0, 0x0, 0x7d, 0x0, 0x0, 0x0,
    0x0, 0x0, 0x0, 0xd, 0x80, 0x0, 0x0, 0x0,
    0x0, 0x0, 0x5, 0xf2, 0x0, 0x0, 0x0, 0x0,
    0x0, 0x0, 0xe9, 0x0, 0x0, 0x0, 0x0, 0x0,
    0x0, 0x3, 0x0, 0x0, 0x0, 0x0, 0x0, 0x0,
    0x0,

    /* U+62D2 "拒" */
    0x0, 0xf, 0x50, 0x0, 0x0, 0x0, 0x0, 0x0,
    0x0, 0xf, 0x50, 0x4f, 0xff, 0xff, 0xff, 0xf0,
    0x0, 0xf, 0x50, 0x4f, 0x33, 0x33, 0x33, 0x20,
    0xf, 0xff, 0xff, 0x5f, 0x0, 0x0, 0x0, 0x0,
    0x1, 0x1f, 0x51, 0x4f, 0x22, 0x22, 0x22, 0x0,
    0x0, 0xf, 0x50, 0x4f, 0xff, 0xff, 0xff, 0x50,
    0x0, 0xf, 0x55, 0x4f, 0x0, 0x0, 0xe, 0x50,
    0x0, 0x2f, 0xfd, 0x4f, 0x0, 0x0, 0xe, 0x50,
    0x2d, 0xff, 0x80, 0x4f, 0x33, 0x33, 0x3f, 0x50,
    0x9, 0x3f, 0x50, 0x4f, 0xff, 0xff, 0xff, 0x50,
    0x0, 0xf, 0x50, 0x4f, 0x0, 0x0, 0x0, 0x0,
    0x0, 0xf, 0x50, 0x4f, 0x0, 0x0, 0x0, 0x0,
    0x3, 0x4f, 0x40, 0x4f, 0x33, 0x33, 0x33, 0x30,
    0xa, 0xfd, 0x10, 0x3f, 0xff, 0xff, 0xff, 0xf2,

    /* U+6307 "指" */
    0x0, 0xc, 0x70, 0xc, 0x70, 0x0, 0x15, 0x0,
    0x0, 0xc7, 0x0, 0xc7, 0x48, 0xdf, 0xf4, 0x4,
    0x4d, 0x94, 0x1c, 0xff, 0xc8, 0x41, 0x21, 0xff,
    0xff, 0xf6, 0xc8, 0x0, 0x0, 0x6f, 0x0, 0xc,
    0x70, 0xc, 0xa3, 0x44, 0x5d, 0xb0, 0x0, 0xc7,
    0x0, 0x7e, 0xff, 0xed, 0xa2, 0x0, 0xc, 0x74,
    0x41, 0x22, 0x22, 0x22, 0x0, 0x2, 0xdf, 0xf6,
    0xaf, 0xff, 0xff, 0xf4, 0x1d, 0xff, 0xa1, 0xa,
    0x80, 0x0, 0xe, 0x40, 0xb5, 0xc7, 0x0, 0xa9,
    0x22, 0x22, 0xe4, 0x0, 0xc, 0x70, 0xa, 0xff,
    0xff, 0xff, 0x40, 0x0, 0xc7, 0x0, 0xa8, 0x0,
    0x0, 0xe4, 0x4, 0x4d, 0x70, 0xa, 0xa5, 0x55,
    0x5f, 0x40, 0xcf, 0xe3, 0x0, 0xae, 0xcc, 0xcc,
    0xf4,

    /* U+6309 "按" */
    0x0, 0xf, 0x50, 0x0, 0x3, 0xc0, 0x0, 0x0,
    0x0, 0xf, 0x50, 0x0, 0x1, 0xf3, 0x0, 0x0,
    0x3, 0x3f, 0x73, 0x6c, 0xcc, 0xfd, 0xcc, 0xb0,
    0xf, 0xff, 0xff, 0x8c, 0x66, 0x66, 0x68, 0xf0,
    0x0, 0xf, 0x50, 0x68, 0x9, 0xb0, 0x3, 0xc0,
    0x0, 0xf, 0x53, 0x0, 0xe, 0x50, 0x0, 0x0,
    0x0, 0xf, 0xee, 0x9e, 0xef, 0xee, 0xee, 0xe0,
    0x29, 0xef, 0xa1, 0x23, 0xe9, 0x33, 0xe9, 0x30,
    0x4d, 0x7f, 0x50, 0x4, 0xf1, 0x1, 0xf3, 0x0,
    0x0, 0xf, 0x50, 0x8, 0xf8, 0x7, 0xd0, 0x0,
    0x0, 0xf, 0x50, 0x0, 0x3c, 0xef, 0x50, 0x0,
    0x0, 0xf, 0x50, 0x0, 0x7, 0xff, 0xd3, 0x0,
    0x5, 0x5f, 0x40, 0x48, 0xee, 0x61, 0xaf, 0x80,
    0xa, 0xfd, 0x10, 0xcc, 0x71, 0x0, 0x5, 0xb0,
    0x0, 0x0, 0x0, 0x0, 0x0, 0x0, 0x0, 0x0,

    /* U+63A5 "接" */
    0x0, 0x4f, 0x0, 0x0, 0x4, 0xc0, 0x0, 0x0,
    0x0, 0x4f, 0x0, 0x35, 0x58, 0xf7, 0x55, 0x50,
    0x3, 0x6f, 0x32, 0x9d, 0xdd, 0xdd, 0xdd, 0xb0,
    0xf, 0xff, 0xfa, 0x3, 0x90, 0x0, 0xa4, 0x0,
    0x0, 0x4f, 0x0, 0x1, 0xf3, 0x5, 0xf1, 0x0,
    0x0, 0x4f, 0x0, 0xff, 0xff, 0xff, 0xff, 0xf1,
    0x0, 0x4f, 0x2, 0x22, 0x28, 0x42, 0x22, 0x20,
    0x0, 0x5f, 0xe8, 0x11, 0x3f, 0x31, 0x11, 0x10,
    0x1d, 0xff, 0x55, 0xff, 0xff, 0xff, 0xff, 0xf2,
    0x8, 0x7f, 0x0, 0x14, 0xf3, 0x11, 0xe7, 0x10,
    0x0, 0x4f, 0x0, 0xd, 0xc3, 0x6, 0xe0, 0x0,
    0x0, 0x4f, 0x0, 0x2, 0x7d, 0xef, 0x70, 0x0,
    0x5, 0x7f, 0x0, 0x15, 0x8d, 0xe9, 0xfc, 0x40,
    0xa, 0xfa, 0x0, 0x2d, 0xa6, 0x0, 0x19, 0x60,

    /* U+6444 "摄" */
    0x0, 0x9a, 0x0, 0x0, 0x0, 0x0, 0x0, 0x0,
    0x0, 0x9a, 0x4, 0xff, 0xff, 0xff, 0xff, 0xa0,
    0x1, 0x9a, 0x10, 0x3f, 0x55, 0x55, 0xd7, 0x10,
    0xc, 0xee, 0xc1, 0x2f, 0x88, 0x88, 0xe6, 0x0,
    0x0, 0x9a, 0x0, 0x2f, 0xcc, 0xcc, 0xf6, 0x0,
    0x0, 0x9a, 0x0, 0x2f, 0x33, 0x33, 0xd6, 0x0,
    0x0, 0x9a, 0x40, 0x4f, 0x56, 0x89, 0xee, 0xe1,
    0x0, 0x9f, 0xe6, 0xed, 0xcb, 0xa9, 0xea, 0x60,
    0x1b, 0xfd, 0x21, 0x44, 0x42, 0x44, 0xe9, 0x20,
    0xa, 0xba, 0x5, 0xcc, 0xe9, 0xbc, 0xcf, 0x90,
    0x0, 0x9a, 0x0, 0xc5, 0xf4, 0x77, 0x1f, 0x30,
    0x0, 0x9a, 0x0, 0x4f, 0xd0, 0x3f, 0xca, 0x0,
    0x1, 0x99, 0x4, 0xdc, 0xc7, 0x5e, 0xfb, 0x40,
    0xd, 0xf6, 0xc, 0x70, 0x2, 0xd6, 0x18, 0xb0,

    /* U+64CD "操" */
    0x0, 0x9a, 0x0, 0x0, 0x0, 0x0, 0x0, 0x0,
    0x0, 0x9a, 0x0, 0x4f, 0xff, 0xff, 0xf5, 0x0,
    0x1, 0x9a, 0x10, 0x4f, 0x44, 0x44, 0xf5, 0x0,
    0x1f, 0xff, 0xf2, 0x3d, 0xdd, 0xdd, 0xd4, 0x0,
    0x1, 0x9a, 0x12, 0x44, 0x43, 0x14, 0x44, 0x20,
    0x0, 0x9a, 0x7, 0xeb, 0xdb, 0x4e, 0xbe, 0x90,
    0x0, 0x9a, 0x57, 0xc1, 0x9b, 0x4c, 0x1a, 0x90,
    0x3, 0xbf, 0xa6, 0xff, 0xfb, 0x4f, 0xff, 0x80,
    0x2f, 0xfa, 0x0, 0x0, 0x4, 0xe0, 0x0, 0x0,
    0x5, 0x9a, 0x8, 0xff, 0xff, 0xff, 0xff, 0xf1,
    0x0, 0x9a, 0x0, 0x12, 0xaf, 0xfe, 0x31, 0x10,
    0x0, 0x9a, 0x0, 0x3c, 0xd6, 0xe4, 0xe5, 0x0,
    0x2, 0xa9, 0xb, 0xf8, 0x4, 0xe0, 0x3d, 0xd1,
    0xc, 0xf5, 0x4, 0x10, 0x4, 0xe0, 0x0, 0x50,

    /* U+6539 "改" */
    0x0, 0x0, 0x0, 0x0, 0xb2, 0x0, 0x0, 0xd,
    0xff, 0xff, 0x60, 0x3f, 0x10, 0x0, 0x0, 0x23,
    0x33, 0xe7, 0x7, 0xe3, 0x33, 0x33, 0x0, 0x0,
    0xe, 0x70, 0xbf, 0xff, 0xff, 0xf1, 0x0, 0x0,
    0xe7, 0xf, 0x50, 0x4, 0xf0, 0x0, 0x22, 0x2e,
    0x76, 0xf3, 0x0, 0x6e, 0x0, 0x6f, 0xff, 0xf7,
    0xcf, 0x90, 0xa, 0xb0, 0x6, 0xe1, 0x11, 0x1d,
    0x6f, 0x10, 0xe7, 0x0, 0x6e, 0x0, 0x0, 0x0,
    0xca, 0x4f, 0x10, 0x6, 0xe0, 0x0, 0x0, 0x3,
    0xfd, 0xb0, 0x0, 0x6e, 0x0, 0x0, 0x0, 0xb,
    0xf4, 0x0, 0x6, 0xe0, 0x17, 0x30, 0x6, 0xfe,
    0xe2, 0x0, 0x6f, 0x9f, 0xd3, 0x8, 0xf8, 0x1c,
    0xe4, 0x4, 0xfa, 0x50, 0xa, 0xf7, 0x0, 0x1c,
    0xf1, 0x0, 0x0, 0x0, 0x22, 0x0, 0x0, 0x3,
    0x0,

    /* U+6570 "数" */
    0x0, 0x0, 0x0, 0x0, 0x0, 0x0, 0x0, 0x0,
    0x1, 0x70, 0xa8, 0x8, 0x2, 0xe1, 0x0, 0x0,
    0x0, 0xf2, 0xa8, 0x9b, 0x5, 0xf0, 0x0, 0x0,
    0x2, 0x84, 0xb9, 0x44, 0x19, 0xd3, 0x33, 0x30,
    0xc, 0xee, 0xff, 0xee, 0x7d, 0xff, 0xff, 0xd0,
    0x0, 0xc, 0xf8, 0x60, 0x2f, 0x30, 0x2f, 0x10,
    0x3, 0xcb, 0xa8, 0x8a, 0x8f, 0x0, 0x4f, 0x0,
    0x9, 0xa0, 0x64, 0x2, 0xef, 0x60, 0x8d, 0x0,
    0x0, 0x4, 0xe0, 0x1, 0xd9, 0xc0, 0xc9, 0x0,
    0xf, 0xff, 0xff, 0xf9, 0x1, 0xf6, 0xf5, 0x0,
    0x0, 0x7d, 0x12, 0xf5, 0x0, 0x9f, 0xe0, 0x0,
    0x2, 0xf9, 0xa, 0xb0, 0x0, 0x4f, 0x90, 0x0,
    0x0, 0x7e, 0xef, 0x10, 0x2, 0xee, 0xf5, 0x0,
    0x0, 0x2c, 0xef, 0xb2, 0x3e, 0xd1, 0x9f, 0x60,
    0xb, 0xf8, 0x2, 0xc6, 0xfc, 0x10, 0x9, 0xf1,
    0x4, 0x0, 0x0, 0x0, 0x30, 0x0, 0x0, 0x20,

    /* U+65B0 "新" */
    0x0, 0x0, 0x20, 0x0, 0x0, 0x0, 0x0, 0x0,
    0x0, 0x4, 0xe1, 0x0, 0x0, 0x14, 0x6a, 0xa0,
    0x7, 0xcc, 0xfd, 0xcc, 0x3e, 0xfd, 0xb8, 0x40,
    0x2, 0xbb, 0x44, 0xe9, 0x1e, 0x50, 0x0, 0x0,
    0x0, 0x5d, 0x2, 0xf1, 0xe, 0x50, 0x0, 0x0,
    0x0, 0xf, 0x18, 0xa0, 0xe, 0x50, 0x0, 0x0,
    0xf, 0xff, 0xff, 0xff, 0x5f, 0xee, 0xee, 0xe2,
    0x1, 0x11, 0xf6, 0x11, 0xf, 0x72, 0x5e, 0x20,
    0x1, 0x11, 0xf6, 0x11, 0xf, 0x40, 0x3e, 0x0,
    0xa, 0xff, 0xff, 0xfe, 0x1f, 0x30, 0x3e, 0x0,
    0x0, 0x41, 0xf5, 0x40, 0x2f, 0x20, 0x3e, 0x0,
    0x2, 0xf2, 0xf6, 0xd6, 0x5f, 0x0, 0x3e, 0x0,
    0x1e, 0x70, 0xf5, 0x3a, 0xac, 0x0, 0x3e, 0x0,
    0x4, 0x22, 0xf4, 0x2, 0xf5, 0x0, 0x3e, 0x0,
    0x0, 0x6f, 0xd1, 0x2, 0xb0, 0x0, 0x3e, 0x0,

    /* U+65B9 "方" */
    0x0, 0x0, 0x4, 0xb0, 0x0, 0x0, 0x0, 0x0,
    0x0, 0x2, 0xf6, 0x0, 0x0, 0x0, 0x33, 0x33,
    0x33, 0xcd, 0x33, 0x33, 0x33, 0xff, 0xff, 0xff,
    0xff, 0xff, 0xff, 0xfe, 0x0, 0x0, 0xe5, 0x0,
    0x0, 0x0, 0x0, 0x0, 0x0, 0xe5, 0x0, 0x0,
    0x0, 0x0, 0x0, 0x0, 0xfe, 0xee, 0xee, 0xee,
    0x50, 0x0, 0x1, 0xf5, 0x44, 0x44, 0x4e, 0x50,
    0x0, 0x4, 0xf0, 0x0, 0x0, 0xe, 0x50, 0x0,
    0x9, 0xc0, 0x0, 0x0, 0xf, 0x50, 0x0, 0x2f,
    0x50, 0x0, 0x0, 0xf, 0x40, 0x1, 0xdc, 0x0,
    0x0, 0x0, 0x2f, 0x20, 0x4e, 0xd1, 0x0, 0x1,
    0x43, 0xaf, 0x0, 0x7a, 0x10, 0x0, 0x2, 0xff,
    0xf6, 0x0, 0x0, 0x0, 0x0, 0x0, 0x0, 0x0,
    0x0,

    /* U+65E0 "无" */
    0x2, 0xff, 0xff, 0xff, 0xff, 0xff, 0xff, 0x10,
    0x0, 0x33, 0x33, 0x3f, 0x63, 0x33, 0x33, 0x0,
    0x0, 0x0, 0x0, 0x1f, 0x30, 0x0, 0x0, 0x0,
    0x0, 0x0, 0x0, 0x2f, 0x10, 0x0, 0x0, 0x0,
    0x4, 0x44, 0x44, 0x7f, 0x54, 0x44, 0x44, 0x30,
    0xd, 0xee, 0xee, 0xff, 0xff, 0xee, 0xee, 0xc0,
    0x0, 0x0, 0x0, 0xd8, 0xa9, 0x0, 0x0, 0x0,
    0x0, 0x0, 0x3, 0xf3, 0xa9, 0x0, 0x0, 0x0,
    0x0, 0x0, 0xd, 0xb0, 0xa9, 0x0, 0x0, 0x0,
    0x0, 0x0, 0x9f, 0x10, 0xa9, 0x0, 0x0, 0x0,
    0x0, 0xa, 0xf4, 0x0, 0xa9, 0x0, 0x4, 0xe0,
    0x2, 0xcf, 0x40, 0x0, 0xab, 0x33, 0x3b, 0xe0,
    0xd, 0xc2, 0x0, 0x0, 0x5e, 0xff, 0xfd, 0x50,
    0x1, 0x0, 0x0, 0x0, 0x0, 0x0, 0x0, 0x0,

    /* U+65F6 "时" */
    0x0, 0x0, 0x0, 0x0, 0x0, 0x1f, 0x20, 0xc,
    0xee, 0xee, 0x20, 0x0, 0x1, 0xf2, 0x0, 0xe6,
    0x33, 0xf3, 0x0, 0x0, 0x1f, 0x20, 0xe, 0x40,
    0xf, 0x6e, 0xee, 0xee, 0xfe, 0xe0, 0xe4, 0x0,
    0xf4, 0x44, 0x44, 0x5f, 0x64, 0xe, 0x62, 0x2f,
    0x30, 0x20, 0x1, 0xf2, 0x0, 0xef, 0xff, 0xf3,
    0x5f, 0x10, 0x1f, 0x20, 0xe, 0x40, 0xf, 0x30,
    0xca, 0x1, 0xf2, 0x0, 0xe4, 0x0, 0xf3, 0x5,
    0xf1, 0x1f, 0x20, 0xe, 0x40, 0xf, 0x30, 0xd,
    0x51, 0xf2, 0x0, 0xee, 0xee, 0xf3, 0x0, 0x0,
    0x1f, 0x20, 0xe, 0x63, 0x3f, 0x30, 0x0, 0x1,
    0xf2, 0x0, 0xb3, 0x0, 0x41, 0x0, 0x13, 0x6f,
    0x10, 0x0, 0x0, 0x0, 0x0, 0x6, 0xef, 0xb0,
    0x0,

    /* U+666E "普" */
    0x0, 0x0, 0x96, 0x0, 0x2, 0xc2, 0x0, 0x0,
    0x0, 0x11, 0x8f, 0x31, 0x1a, 0xc1, 0x11, 0x0,
    0x6, 0xff, 0xff, 0xff, 0xff, 0xff, 0xff, 0x60,
    0x0, 0x19, 0x3, 0xf1, 0x4f, 0x1, 0x90, 0x0,
    0x0, 0xd, 0x73, 0xf1, 0x4f, 0xa, 0xc0, 0x0,
    0x0, 0x4, 0x53, 0xf1, 0x4f, 0x8, 0x20, 0x0,
    0x2f, 0xff, 0xff, 0xff, 0xff, 0xff, 0xff, 0xf1,
    0x2, 0x22, 0x22, 0x22, 0x22, 0x22, 0x22, 0x20,
    0x0, 0x1f, 0xff, 0xff, 0xff, 0xff, 0xf0, 0x0,
    0x0, 0x2f, 0x42, 0x22, 0x22, 0x26, 0xf0, 0x0,
    0x0, 0x2f, 0x54, 0x44, 0x44, 0x47, 0xf0, 0x0,
    0x0, 0x2f, 0xcb, 0xbb, 0xbb, 0xbc, 0xf0, 0x0,
    0x0, 0x2f, 0x31, 0x11, 0x11, 0x15, 0xf0, 0x0,
    0x0, 0x2f, 0xff, 0xff, 0xff, 0xff, 0xf0, 0x0,

    /* U+66F4 "更" */
    0xe, 0xff, 0xff, 0xff, 0xff, 0xff, 0xff, 0x70,
    0x23, 0x33, 0x33, 0xe7, 0x33, 0x33, 0x31, 0x0,
    0xdf, 0xff, 0xff, 0xff, 0xff, 0xf6, 0x0, 0xe,
    0x72, 0x22, 0xe7, 0x22, 0x2d, 0x60, 0x0, 0xe7,
    0x33, 0x3e, 0x73, 0x33, 0xe6, 0x0, 0xe, 0xdc,
    0xcc, 0xfd, 0xcc, 0xcf, 0x60, 0x0, 0xe6, 0x11,
    0x1e, 0x61, 0x11, 0xd6, 0x0, 0xe, 0xff, 0xff,
    0xff, 0xff, 0xff, 0x60, 0x0, 0x3, 0x51, 0x2f,
    0x31, 0x11, 0x10, 0x0, 0x0, 0x5f, 0x98, 0xd0,
    0x0, 0x0, 0x0, 0x0, 0x0, 0x3f, 0xfb, 0x30,
    0x0, 0x0, 0x0, 0x35, 0x9e, 0xd6, 0xbf, 0xeb,
    0x96, 0x53, 0x2f, 0xea, 0x50, 0x0, 0x16, 0xac,
    0xef, 0xa0, 0x0, 0x0, 0x0, 0x0, 0x0, 0x0,
    0x0,

    /* U+6700 "最" */
    0x0, 0x5f, 0xff, 0xff, 0xff, 0xff, 0xf5, 0x0,
    0x0, 0x5f, 0x55, 0x55, 0x55, 0x55, 0xe5, 0x0,
    0x0, 0x5f, 0x66, 0x66, 0x66, 0x66, 0xe5, 0x0,
    0x0, 0x5f, 0xff, 0xff, 0xff, 0xff, 0xf5, 0x0,
    0x0, 0x1, 0x11, 0x11, 0x11, 0x11, 0x10, 0x0,
    0x3f, 0xff, 0xff, 0xff, 0xff, 0xff, 0xff, 0xf3,
    0x0, 0xf5, 0x0, 0x9a, 0x1, 0x11, 0x11, 0x0,
    0x0, 0xfe, 0xee, 0xfa, 0x5f, 0xff, 0xff, 0x30,
    0x0, 0xf5, 0x0, 0x9a, 0x6, 0x0, 0x7e, 0x0,
    0x0, 0xfe, 0xee, 0xfa, 0x1e, 0x61, 0xe6, 0x0,
    0x0, 0xf5, 0x13, 0xac, 0x43, 0xed, 0xa0, 0x0,
    0x1d, 0xff, 0xec, 0xdc, 0x57, 0xed, 0xf9, 0x40,
    0x2, 0x10, 0x0, 0x9a, 0x7b, 0x40, 0x3a, 0xc0,

    /* U+670D "服" */
    0x1, 0xff, 0xff, 0xe0, 0xff, 0xff, 0xff, 0x50,
    0x1, 0xf4, 0x26, 0xe0, 0xf5, 0x22, 0x2e, 0x40,
    0x1, 0xf3, 0x5, 0xe0, 0xf4, 0x0, 0xf, 0x30,
    0x1, 0xff, 0xff, 0xe0, 0xf4, 0xd, 0xfe, 0x0,
    0x1, 0xf4, 0x26, 0xe0, 0xf4, 0x1, 0x31, 0x0,
    0x1, 0xf3, 0x5, 0xe0, 0xfc, 0xbb, 0xbb, 0x90,
    0x1, 0xf5, 0x26, 0xe0, 0xfa, 0x88, 0x8c, 0xb0,
    0x2, 0xfe, 0xee, 0xe0, 0xf5, 0xa0, 0xb, 0x70,
    0x4, 0xf0, 0x5, 0xe0, 0xf4, 0xd6, 0x1f, 0x20,
    0x7, 0xe0, 0x5, 0xe0, 0xf4, 0x5f, 0xab, 0x0,
    0xa, 0xb0, 0x5, 0xe0, 0xf4, 0xa, 0xf4, 0x0,
    0xf, 0x71, 0x28, 0xe0, 0xf4, 0x6f, 0xcf, 0x60,
    0x2e, 0x23, 0xff, 0x80, 0xf7, 0xe5, 0x7, 0xd0,
    0x0, 0x0, 0x0, 0x0, 0x20, 0x0, 0x0, 0x0,

    /* U+672A "未" */
    0x0, 0x0, 0x0, 0xe, 0x50, 0x0, 0x0, 0x0,
    0x0, 0x0, 0x0, 0xe5, 0x0, 0x0, 0x0, 0x0,
    0x55, 0x55, 0x5f, 0x95, 0x55, 0x52, 0x0, 0xd,
    0xdd, 0xdd, 0xfe, 0xdd, 0xdd, 0x70, 0x0, 0x0,
    0x0, 0xe, 0x50, 0x0, 0x0, 0x0, 0x1, 0x11,
    0x11, 0xe6, 0x11, 0x11, 0x10, 0xc, 0xff, 0xff,
    0xff, 0xff, 0xff, 0xff, 0x20, 0x12, 0x22, 0x4f,
    0xff, 0x92, 0x22, 0x20, 0x0, 0x0, 0xd, 0x9e,
    0x8f, 0x40, 0x0, 0x0, 0x0, 0x1c, 0xc0, 0xe5,
    0x6f, 0x50, 0x0, 0x0, 0x3e, 0xc0, 0xe, 0x50,
    0x6f, 0x90, 0x1, 0x9f, 0xa0, 0x0, 0xe5, 0x0,
    0x4e, 0xe7, 0x2d, 0x50, 0x0, 0xe, 0x50, 0x0,
    0x19, 0x90, 0x0, 0x0, 0x0, 0xe5, 0x0, 0x0,
    0x0,

    /* U+673A "机" */
    0x0, 0xb, 0x90, 0x0, 0x0, 0x0, 0x0, 0x0,
    0x0, 0xb, 0x90, 0x7, 0xff, 0xff, 0xf0, 0x0,
    0x1, 0x1b, 0x91, 0x7, 0xd4, 0x47, 0xf0, 0x0,
    0xf, 0xff, 0xff, 0xc7, 0xd0, 0x5, 0xf0, 0x0,
    0x2, 0x2e, 0xa2, 0x17, 0xd0, 0x5, 0xf0, 0x0,
    0x0, 0x3f, 0xf3, 0x7, 0xd0, 0x5, 0xf0, 0x0,
    0x0, 0x8f, 0xee, 0x17, 0xd0, 0x5, 0xf0, 0x0,
    0x0, 0xee, 0x9b, 0xb8, 0xc0, 0x5, 0xf0, 0x0,
    0x8, 0xcb, 0x92, 0x5a, 0xa0, 0x5, 0xf0, 0x0,
    0x3f, 0x4b, 0x90, 0xe, 0x70, 0x5, 0xf0, 0x0,
    0x49, 0xb, 0x90, 0x2f, 0x30, 0x5, 0xf0, 0x0,
    0x0, 0xb, 0x90, 0xac, 0x0, 0x5, 0xf0, 0xb2,
    0x0, 0xb, 0x95, 0xf3, 0x0, 0x4, 0xf6, 0xf3,
    0x0, 0xb, 0x9a, 0x50, 0x0, 0x2, 0xef, 0xb0,

    /* U+6743 "权" */
    0x0, 0xb, 0x90, 0x1, 0x11, 0x11, 0x11, 0x0,
    0x0, 0xb, 0x90, 0x2f, 0xff, 0xff, 0xff, 0x0,
    0x1, 0x1b, 0x91, 0x18, 0xe2, 0x22, 0x6e, 0x0,
    0xf, 0xff, 0xff, 0xc3, 0xf2, 0x0, 0x6b, 0x0,
    0x2, 0x2e, 0xa2, 0x10, 0xe6, 0x0, 0xa8, 0x0,
    0x0, 0x3f, 0xf3, 0x0, 0x9c, 0x0, 0xf3, 0x0,
    0x0, 0x9f, 0xde, 0x20, 0x3f, 0x36, 0xd0, 0x0,
    0x1, 0xfd, 0x9a, 0xb0, 0xc, 0xad, 0x70, 0x0,
    0x9, 0xbb, 0x91, 0x30, 0x4, 0xfe, 0x0, 0x0,
    0x4f, 0x2b, 0x90, 0x0, 0x3, 0xfd, 0x0, 0x0,
    0x25, 0xb, 0x90, 0x0, 0x2e, 0x9e, 0xa0, 0x0,
    0x0, 0xb, 0x90, 0x4, 0xe8, 0x4, 0xf8, 0x0,
    0x0, 0xb, 0x92, 0xaf, 0x60, 0x0, 0x6f, 0xb0,
    0x0, 0xb, 0x95, 0xb1, 0x0, 0x0, 0x3, 0xd1,
    0x0, 0x0, 0x0, 0x0, 0x0, 0x0, 0x0, 0x0,

    /* U+675F "束" */
    0x0, 0x0, 0x0, 0xa, 0x90, 0x0, 0x0, 0x0,
    0x4, 0x44, 0x44, 0x4c, 0xb4, 0x44, 0x44, 0x30,
    0xc, 0xdd, 0xdd, 0xdf, 0xed, 0xdd, 0xdd, 0xb0,
    0x0, 0x0, 0x0, 0xa, 0x90, 0x0, 0x0, 0x0,
    0x0, 0xbf, 0xff, 0xff, 0xff, 0xff, 0xf9, 0x0,
    0x0, 0xba, 0x33, 0x3b, 0xa3, 0x33, 0xba, 0x0,
    0x0, 0xb8, 0x0, 0xa, 0x90, 0x0, 0x9a, 0x0,
    0x0, 0xba, 0x33, 0x3b, 0xa3, 0x33, 0xba, 0x0,
    0x0, 0xbf, 0xff, 0xff, 0xff, 0xff, 0xf9, 0x0,
    0x0, 0x0, 0x4, 0xee, 0xed, 0x20, 0x0, 0x0,
    0x0, 0x0, 0x8f, 0x5a, 0x96, 0xf7, 0x0, 0x0,
    0x0, 0x6e, 0xd3, 0xa, 0x90, 0x3e, 0xe6, 0x10,
    0x1e, 0xe7, 0x0, 0xa, 0x90, 0x0, 0x7e, 0xf1,
    0x3, 0x0, 0x0, 0xa, 0x90, 0x0, 0x0, 0x30,

    /* U+679C "果" */
    0x0, 0xaf, 0xff, 0xff, 0xff, 0xff, 0xf9, 0x0,
    0x0, 0xab, 0x33, 0x3b, 0xa3, 0x33, 0xb9, 0x0,
    0x0, 0xaf, 0xdd, 0xdf, 0xed, 0xdd, 0xf9, 0x0,
    0x0, 0xab, 0x33, 0x3c, 0xa3, 0x33, 0xc9, 0x0,
    0x0, 0xab, 0x44, 0x4c, 0xa4, 0x44, 0xc9, 0x0,
    0x0, 0x9e, 0xee, 0xef, 0xfe, 0xee, 0xe8, 0x0,
    0x0, 0x0, 0x0, 0xb, 0x90, 0x0, 0x0, 0x0,
    0xe, 0xee, 0xee, 0xef, 0xfe, 0xee, 0xee, 0xe0,
    0x4, 0x44, 0x47, 0xff, 0xff, 0x64, 0x44, 0x40,
    0x0, 0x0, 0x5f, 0x8b, 0x9a, 0xe4, 0x0, 0x0,
    0x0, 0x3b, 0xf6, 0xb, 0x90, 0x7f, 0xb4, 0x0,
    0xb, 0xfb, 0x20, 0xb, 0x90, 0x2, 0xbf, 0xd0,
    0x4, 0x30, 0x0, 0xb, 0x90, 0x0, 0x3, 0x40,

    /* U+67E5 "查" */
    0x0, 0x0, 0x0, 0xa, 0xa0, 0x0, 0x0, 0x0,
    0x1, 0xff, 0xff, 0xff, 0xff, 0xff, 0xff, 0x10,
    0x0, 0x22, 0x25, 0xfe, 0xee, 0x42, 0x22, 0x0,
    0x0, 0x0, 0x6f, 0x8a, 0xa7, 0xe6, 0x0, 0x0,
    0x0, 0x4c, 0xf6, 0xa, 0xa0, 0x5f, 0xd5, 0x0,
    0xc, 0xfb, 0x20, 0xa, 0xa0, 0x1, 0xaf, 0xd0,
    0x4, 0x54, 0x44, 0x45, 0x54, 0x44, 0x42, 0x40,
    0x0, 0x3f, 0xcc, 0xcc, 0xcc, 0xcc, 0xf3, 0x0,
    0x0, 0x3f, 0x21, 0x11, 0x11, 0x12, 0xf3, 0x0,
    0x0, 0x3f, 0xff, 0xff, 0xff, 0xff, 0xf3, 0x0,
    0x0, 0x3f, 0x10, 0x0, 0x0, 0x1, 0xf3, 0x0,
    0x0, 0x2f, 0xff, 0xff, 0xff, 0xff, 0xf2, 0x0,
    0x3, 0x33, 0x33, 0x33, 0x33, 0x33, 0x33, 0x30,
    0xf, 0xff, 0xff, 0xff, 0xff, 0xff, 0xff, 0xe0,

    /* U+6821 "校" */
    0x0, 0xf, 0x40, 0x0, 0x4, 0xa0, 0x0, 0x0,
    0x0, 0xf, 0x40, 0x0, 0x2, 0xf2, 0x0, 0x0,
    0x0, 0x1f, 0x41, 0x5e, 0xee, 0xfe, 0xee, 0xe0,
    0xf, 0xff, 0xff, 0x35, 0x55, 0x55, 0x55, 0x50,
    0x1, 0x4f, 0x52, 0x0, 0xb6, 0x0, 0xa4, 0x0,
    0x0, 0x6f, 0xb0, 0x1b, 0xd1, 0x0, 0x8f, 0x80,
    0x0, 0xbf, 0xe8, 0xab, 0x20, 0x0, 0x15, 0xd0,
    0x1, 0xff, 0x6f, 0x22, 0xe1, 0x1, 0xf4, 0x0,
    0x9, 0xaf, 0x44, 0x0, 0xbb, 0x9, 0xe0, 0x0,
    0x2f, 0x3f, 0x40, 0x0, 0x2f, 0xaf, 0x50, 0x0,
    0x16, 0xf, 0x40, 0x0, 0x7, 0xfc, 0x0, 0x0,
    0x0, 0xf, 0x40, 0x0, 0x7f, 0xcf, 0xb1, 0x0,
    0x0, 0xf, 0x40, 0x5d, 0xf7, 0x3, 0xdf, 0x91,
    0x0, 0xf, 0x40, 0xd9, 0x20, 0x0, 0x7, 0xc0,
    0x0, 0x0, 0x0, 0x0, 0x0, 0x0, 0x0, 0x0,

    /* U+683C "格" */
    0x0, 0x0, 0x0, 0x0, 0x0, 0x0, 0x0, 0x0,
    0x0, 0xf, 0x40, 0x0, 0x1e, 0x40, 0x0, 0x0,
    0x0, 0xf, 0x40, 0x0, 0x8f, 0x98, 0x88, 0x10,
    0x0, 0x1f, 0x41, 0x1, 0xec, 0xaa, 0xcf, 0x20,
    0xf, 0xff, 0xff, 0x2c, 0xf8, 0x0, 0xbb, 0x0,
    0x1, 0x4f, 0x52, 0x2e, 0x4e, 0x57, 0xf2, 0x0,
    0x0, 0x5f, 0xa0, 0x0, 0x4, 0xff, 0x40, 0x0,
    0x0, 0xaf, 0xf6, 0x0, 0x3b, 0xff, 0xc4, 0x0,
    0x0, 0xff, 0x9f, 0x4c, 0xfb, 0x22, 0xbf, 0xd1,
    0x6, 0xcf, 0x4a, 0x18, 0x41, 0x11, 0x14, 0x80,
    0xe, 0x6f, 0x40, 0x4, 0xff, 0xff, 0xff, 0x20,
    0x3d, 0xf, 0x40, 0x4, 0xe0, 0x0, 0x1f, 0x20,
    0x0, 0xf, 0x40, 0x4, 0xe0, 0x0, 0x1f, 0x20,
    0x0, 0xf, 0x40, 0x4, 0xf5, 0x55, 0x6f, 0x20,
    0x0, 0xf, 0x40, 0x4, 0xfc, 0xcc, 0xcf, 0x20,

    /* U+6B21 "次" */
    0x0, 0x0, 0x0, 0x1, 0x10, 0x0, 0x0, 0x0,
    0x0, 0x20, 0x0, 0x8, 0xc0, 0x0, 0x0, 0x0,
    0x6, 0xf5, 0x0, 0xd, 0x80, 0x0, 0x0, 0x0,
    0x0, 0x9f, 0x40, 0x3f, 0xed, 0xdd, 0xdd, 0x30,
    0x0, 0xa, 0xb0, 0xad, 0x55, 0x55, 0x9f, 0x20,
    0x0, 0x0, 0x13, 0xf5, 0x7, 0x20, 0xd8, 0x0,
    0x0, 0x0, 0xb, 0xc0, 0xe, 0x43, 0xe1, 0x0,
    0x0, 0x0, 0x2, 0x20, 0xf, 0x30, 0x0, 0x0,
    0x0, 0x3, 0xd0, 0x0, 0x3f, 0x70, 0x0, 0x0,
    0x0, 0xa, 0xc0, 0x0, 0x7f, 0xe0, 0x0, 0x0,
    0x0, 0x2f, 0x60, 0x0, 0xd8, 0xe7, 0x0, 0x0,
    0x0, 0xae, 0x0, 0x8, 0xf1, 0x7f, 0x30, 0x0,
    0x4, 0xf6, 0x0, 0x6f, 0x50, 0xc, 0xe2, 0x0,
    0xd, 0xd0, 0x19, 0xf7, 0x0, 0x1, 0xdf, 0x60,
    0x5, 0x40, 0x7e, 0x40, 0x0, 0x0, 0x1b, 0xd1,
    0x0, 0x0, 0x0, 0x0, 0x0, 0x0, 0x0, 0x0,

    /* U+6B63 "正" */
    0x7, 0xff, 0xff, 0xff, 0xff, 0xff, 0xff, 0xb0,
    0x1, 0x33, 0x33, 0x35, 0xf3, 0x33, 0x33, 0x20,
    0x0, 0x0, 0x0, 0x3, 0xf1, 0x0, 0x0, 0x0,
    0x0, 0x4, 0x20, 0x3, 0xf1, 0x0, 0x0, 0x0,
    0x0, 0xd, 0x70, 0x3, 0xf1, 0x0, 0x0, 0x0,
    0x0, 0xd, 0x70, 0x3, 0xff, 0xff, 0xff, 0x30,
    0x0, 0xd, 0x70, 0x3, 0xf4, 0x33, 0x33, 0x0,
    0x0, 0xd, 0x70, 0x3, 0xf1, 0x0, 0x0, 0x0,
    0x0, 0xd, 0x70, 0x3, 0xf1, 0x0, 0x0, 0x0,
    0x0, 0xd, 0x70, 0x3, 0xf1, 0x0, 0x0, 0x0,
    0x0, 0xd, 0x70, 0x3, 0xf1, 0x0, 0x0, 0x0,
    0x3, 0x3d, 0x93, 0x36, 0xf4, 0x33, 0x33, 0x30,
    0x2f, 0xff, 0xff, 0xff, 0xff, 0xff, 0xff, 0xf2,

    /* U+6B65 "步" */
    0x0, 0x0, 0x0, 0xaa, 0x0, 0x0, 0x0, 0x0,
    0x59, 0x0, 0xaa, 0x11, 0x11, 0x0, 0x0, 0x7d,
    0x0, 0xaf, 0xff, 0xff, 0x80, 0x0, 0x7d, 0x0,
    0xaa, 0x22, 0x22, 0x10, 0x0, 0x7d, 0x0, 0xaa,
    0x0, 0x0, 0x0, 0xff, 0xff, 0xff, 0xff, 0xff,
    0xff, 0xff, 0x33, 0x33, 0x33, 0x33, 0x33, 0x33,
    0x33, 0x0, 0x4, 0x20, 0x99, 0x0, 0x0, 0x0,
    0x0, 0x2f, 0x70, 0xaa, 0x0, 0x2d, 0x50, 0x0,
    0xcc, 0x0, 0xaa, 0x1, 0xdc, 0x0, 0xb, 0xe2,
    0x0, 0xaa, 0x4e, 0xc1, 0x0, 0x3, 0x30, 0x0,
    0xae, 0xf8, 0x0, 0x0, 0x0, 0x1, 0x6b, 0xfa,
    0x20, 0x0, 0x0, 0x29, 0xdf, 0xd8, 0x20, 0x0,
    0x0, 0x0, 0x1a, 0x62, 0x0, 0x0, 0x0, 0x0,
    0x0,

    /* U+6BCD "母" */
    0x0, 0xd, 0xff, 0xff, 0xff, 0xff, 0xfa, 0x0,
    0x0, 0xe, 0x73, 0x64, 0x33, 0x33, 0x9a, 0x0,
    0x0, 0xf, 0x40, 0xbf, 0x80, 0x0, 0x99, 0x0,
    0x0, 0xf, 0x30, 0x4, 0xea, 0x0, 0x98, 0x0,
    0x2, 0x4f, 0x42, 0x22, 0x34, 0x22, 0xb9, 0x20,
    0x1f, 0xff, 0xff, 0xff, 0xff, 0xff, 0xff, 0xf2,
    0x0, 0x5f, 0x0, 0x42, 0x0, 0x0, 0xe6, 0x0,
    0x0, 0x7d, 0x0, 0xaf, 0x70, 0x0, 0xf4, 0x0,
    0x0, 0x9b, 0x0, 0x4, 0xea, 0x1, 0xf3, 0x0,
    0x0, 0xca, 0x11, 0x11, 0x33, 0x13, 0xf2, 0x0,
    0x0, 0xef, 0xff, 0xff, 0xff, 0xff, 0xff, 0xa0,
    0x0, 0x12, 0x22, 0x22, 0x44, 0x4d, 0xc2, 0x10,
    0x0, 0x0, 0x0, 0x0, 0x9f, 0xfd, 0x20, 0x0,
    0x0, 0x0, 0x0, 0x0, 0x0, 0x0, 0x0, 0x0,

    /* U+6CD5 "法" */
    0x2, 0xa1, 0x0, 0x0, 0xa, 0xb0, 0x0, 0x0,
    0x2, 0xce, 0x30, 0x0, 0xa, 0xb0, 0x0, 0x0,
    0x0, 0xa, 0x50, 0x33, 0x3b, 0xc3, 0x33, 0x10,
    0x0, 0x0, 0x3, 0xff, 0xff, 0xff, 0xff, 0x40,
    0xa, 0x40, 0x0, 0x0, 0xa, 0xb0, 0x0, 0x0,
    0x7, 0xf8, 0x0, 0x0, 0xa, 0xb0, 0x0, 0x0,
    0x0, 0x44, 0x4, 0x44, 0x4b, 0xc4, 0x44, 0x40,
    0x0, 0x0, 0xe, 0xff, 0xff, 0xff, 0xff, 0xf1,
    0x0, 0x19, 0x0, 0x0, 0xca, 0x0, 0x0, 0x0,
    0x0, 0x7e, 0x0, 0x3, 0xf3, 0x7, 0x80, 0x0,
    0x0, 0xc9, 0x0, 0xc, 0xb0, 0x5, 0xf2, 0x0,
    0x3, 0xf4, 0x0, 0x6f, 0x20, 0x1, 0xe9, 0x0,
    0xb, 0xd0, 0x3, 0xfc, 0x8a, 0xdf, 0xff, 0x10,
    0x2f, 0x60, 0x3, 0xec, 0xa9, 0x63, 0x1f, 0x60,
    0x3, 0x0, 0x0, 0x0, 0x0, 0x0, 0x4, 0x0,

    /* U+6D88 "消" */
    0x2, 0x91, 0x0, 0x70, 0x4, 0xe0, 0x8, 0x0,
    0x2d, 0xe3, 0x1e, 0x90, 0x4e, 0x7, 0xc0, 0x0,
    0xb, 0x60, 0x3f, 0x24, 0xe1, 0xf3, 0x0, 0x0,
    0x0, 0x1, 0x21, 0x5e, 0x13, 0x10, 0x9, 0x40,
    0x0, 0xff, 0xff, 0xff, 0xff, 0x30, 0x8f, 0x80,
    0xf, 0x20, 0x0, 0x0, 0xe3, 0x0, 0x55, 0x0,
    0xf4, 0x22, 0x22, 0x2e, 0x30, 0x0, 0x0, 0xf,
    0xff, 0xff, 0xff, 0xf3, 0x0, 0x18, 0x0, 0xf2,
    0x0, 0x0, 0xe, 0x30, 0x7, 0xe0, 0xf, 0x42,
    0x22, 0x22, 0xe3, 0x0, 0xd9, 0x0, 0xff, 0xff,
    0xff, 0xff, 0x30, 0x6f, 0x30, 0xf, 0x20, 0x0,
    0x0, 0xe3, 0xe, 0xb0, 0x0, 0xf2, 0x0, 0x3,
    0x2f, 0x31, 0xb3, 0x0, 0xf, 0x20, 0x0, 0xff,
    0xd0, 0x0, 0x0, 0x0, 0x10, 0x0, 0x0, 0x0,
    0x0,

    /* U+6DFB "添" */
    0x0, 0x0, 0x0, 0x0, 0x0, 0x0, 0x0, 0x0,
    0x6, 0xe3, 0xa, 0xff, 0xff, 0xff, 0xff, 0x10,
    0x0, 0x6c, 0x1, 0x22, 0x9c, 0x22, 0x22, 0x0,
    0x0, 0x0, 0x5d, 0xdd, 0xfe, 0xdd, 0xdd, 0xc0,
    0xc, 0x90, 0x25, 0x6e, 0xb5, 0x5e, 0x95, 0x40,
    0x2, 0xda, 0x0, 0xbe, 0x10, 0x3, 0xe6, 0x0,
    0x0, 0x11, 0x3d, 0xd2, 0x3e, 0x0, 0x3e, 0xb2,
    0x0, 0x0, 0xaa, 0x10, 0x3e, 0x0, 0x25, 0xb1,
    0x0, 0x4b, 0x0, 0x8a, 0x3e, 0x88, 0x6d, 0x0,
    0x0, 0x9a, 0x0, 0xe5, 0x3e, 0x4e, 0xe, 0x50,
    0x0, 0xe5, 0x8, 0xd0, 0x3e, 0xe, 0x47, 0xc0,
    0x5, 0xf1, 0x3f, 0x40, 0x3e, 0xa, 0x82, 0xf2,
    0xc, 0xa0, 0x5, 0x24, 0x6e, 0x5, 0x50, 0x82,
    0xb, 0x30, 0x0, 0x3e, 0xf9, 0x0, 0x0, 0x0,
    0x0, 0x0, 0x0, 0x0, 0x0, 0x0, 0x0, 0x0,

    /* U+6E05 "清" */
    0x2, 0xa2, 0x0, 0x0, 0xb, 0x90, 0x0, 0x0,
    0x2, 0xdf, 0x28, 0xff, 0xff, 0xff, 0xff, 0xc0,
    0x0, 0x7, 0x0, 0x0, 0xb, 0x90, 0x0, 0x0,
    0x0, 0x0, 0x0, 0xdf, 0xff, 0xff, 0xff, 0x30,
    0xb, 0x60, 0x0, 0x11, 0x1b, 0x91, 0x11, 0x0,
    0x5, 0xf9, 0xf, 0xff, 0xff, 0xff, 0xff, 0xf2,
    0x0, 0x22, 0x1, 0x11, 0x11, 0x11, 0x11, 0x10,
    0x0, 0x0, 0x0, 0xef, 0xff, 0xff, 0xff, 0x0,
    0x0, 0x8, 0xa0, 0xf5, 0x0, 0x0, 0x4f, 0x0,
    0x0, 0x1f, 0x60, 0xff, 0xff, 0xff, 0xff, 0x0,
    0x0, 0x8e, 0x0, 0xf5, 0x0, 0x0, 0x4f, 0x0,
    0x2, 0xf8, 0x0, 0xff, 0xff, 0xff, 0xff, 0x0,
    0xc, 0xe0, 0x0, 0xf5, 0x0, 0x14, 0x7f, 0x0,
    0x8, 0x50, 0x0, 0xf5, 0x0, 0xe, 0xf9, 0x0,

    /* U+72B6 "状" */
    0x0, 0x0, 0x0, 0x0, 0x0, 0x0, 0x0, 0x0,
    0x0, 0x0, 0xd6, 0x0, 0x3, 0xf0, 0x0, 0x0,
    0x0, 0x0, 0xd6, 0x0, 0x3, 0xf0, 0xa7, 0x0,
    0x4, 0x0, 0xd6, 0x0, 0x4, 0xf0, 0x3f, 0x10,
    0xd, 0x90, 0xd6, 0x0, 0x4, 0xe0, 0x6, 0x10,
    0x3, 0xf3, 0xd6, 0x36, 0x69, 0xf6, 0x66, 0x50,
    0x0, 0x62, 0xd6, 0x6d, 0xde, 0xfe, 0xdd, 0xc0,
    0x0, 0x0, 0xd6, 0x0, 0x7, 0xfa, 0x0, 0x0,
    0x0, 0x2, 0xe6, 0x0, 0xa, 0xde, 0x0, 0x0,
    0x0, 0x6f, 0xf6, 0x0, 0xe, 0x6e, 0x30, 0x0,
    0x2c, 0xf5, 0xd6, 0x0, 0x4f, 0x19, 0xa0, 0x0,
    0x4c, 0x20, 0xd6, 0x0, 0xca, 0x2, 0xf4, 0x0,
    0x0, 0x0, 0xd6, 0x7, 0xe2, 0x0, 0x9d, 0x10,
    0x0, 0x0, 0xd6, 0x8f, 0x40, 0x0, 0xe, 0xc0,
    0x0, 0x0, 0xd6, 0x93, 0x0, 0x0, 0x2, 0x90,

    /* U+7406 "理" */
    0x0, 0x0, 0x0, 0x12, 0x22, 0x22, 0x22, 0x0,
    0xf, 0xff, 0xfa, 0x9f, 0xff, 0xff, 0xff, 0x40,
    0x3, 0x6e, 0x32, 0x99, 0x15, 0xf1, 0x1e, 0x40,
    0x0, 0x4e, 0x0, 0x9a, 0x26, 0xf2, 0x2e, 0x40,
    0x0, 0x4e, 0x0, 0x9f, 0xff, 0xff, 0xff, 0x40,
    0x3, 0x7f, 0x42, 0x99, 0x4, 0xf0, 0xe, 0x40,
    0xa, 0xdf, 0xd5, 0x9a, 0x37, 0xf3, 0x3f, 0x40,
    0x0, 0x4e, 0x0, 0x9f, 0xff, 0xff, 0xff, 0x40,
    0x0, 0x4e, 0x0, 0x0, 0x4, 0xf0, 0x0, 0x0,
    0x0, 0x4e, 0x0, 0x23, 0x37, 0xf3, 0x33, 0x0,
    0x0, 0x4f, 0x97, 0x9f, 0xff, 0xff, 0xff, 0x40,
    0x9, 0xef, 0x92, 0x0, 0x4, 0xf0, 0x0, 0x0,
    0xa, 0x61, 0x1, 0x33, 0x37, 0xf3, 0x33, 0x30,
    0x0, 0x0, 0x7, 0xff, 0xff, 0xff, 0xff, 0xf1,

    /* U+751F "生" */
    0x0, 0x1, 0x30, 0x4, 0xf0, 0x0, 0x0, 0x0,
    0x0, 0x6, 0xe0, 0x4, 0xf0, 0x0, 0x0, 0x0,
    0x0, 0xc, 0x80, 0x4, 0xf0, 0x0, 0x0, 0x0,
    0x0, 0x3f, 0x85, 0x58, 0xf5, 0x55, 0x55, 0x20,
    0x0, 0xce, 0xdd, 0xde, 0xfd, 0xdd, 0xdd, 0x50,
    0x6, 0xf2, 0x0, 0x4, 0xf0, 0x0, 0x0, 0x0,
    0xb, 0x60, 0x0, 0x4, 0xf0, 0x0, 0x0, 0x0,
    0x0, 0x0, 0x0, 0x4, 0xf0, 0x0, 0x0, 0x0,
    0x0, 0x1f, 0xff, 0xff, 0xff, 0xff, 0xfb, 0x0,
    0x0, 0x3, 0x33, 0x37, 0xf3, 0x33, 0x32, 0x0,
    0x0, 0x0, 0x0, 0x4, 0xf0, 0x0, 0x0, 0x0,
    0x0, 0x0, 0x0, 0x4, 0xf0, 0x0, 0x0, 0x0,
    0x3, 0x33, 0x33, 0x37, 0xf3, 0x33, 0x33, 0x30,
    0xe, 0xff, 0xff, 0xff, 0xff, 0xff, 0xff, 0xf2,

    /* U+7528 "用" */
    0x0, 0xdf, 0xff, 0xff, 0xff, 0xff, 0xff, 0x60,
    0xd, 0x83, 0x33, 0x7e, 0x33, 0x33, 0xd6, 0x0,
    0xd6, 0x0, 0x6, 0xe0, 0x0, 0xd, 0x60, 0xd,
    0x83, 0x33, 0x8e, 0x33, 0x33, 0xe6, 0x0, 0xdf,
    0xff, 0xff, 0xff, 0xff, 0xff, 0x60, 0xd, 0x60,
    0x0, 0x6e, 0x0, 0x0, 0xd6, 0x0, 0xd5, 0x0,
    0x6, 0xe0, 0x0, 0xd, 0x60, 0xe, 0xfe, 0xee,
    0xff, 0xee, 0xee, 0xf6, 0x1, 0xf6, 0x44, 0x48,
    0xe4, 0x44, 0x4e, 0x60, 0x4f, 0x0, 0x0, 0x6e,
    0x0, 0x0, 0xd6, 0x9, 0xb0, 0x0, 0x6, 0xe0,
    0x0, 0xd, 0x60, 0xe6, 0x0, 0x0, 0x6e, 0x1,
    0x43, 0xf6, 0x5e, 0x0, 0x0, 0x5, 0xc0, 0x2f,
    0xfe, 0x10, 0x10, 0x0, 0x0, 0x0, 0x0, 0x0,
    0x0,

    /* U+767B "登" */
    0x0, 0x0, 0x0, 0x0, 0x32, 0x0, 0x20, 0x0,
    0x7, 0xff, 0xff, 0xfb, 0x7c, 0x6e, 0xd0, 0x0,
    0x0, 0x52, 0x26, 0xf5, 0xd, 0xf6, 0x17, 0x50,
    0x0, 0xbe, 0x9f, 0x60, 0x1, 0xdd, 0xfb, 0x30,
    0x5, 0xaf, 0xb8, 0xaa, 0xaa, 0x98, 0xfb, 0x60,
    0xa, 0x72, 0x2, 0x55, 0x55, 0x40, 0x17, 0xa0,
    0x0, 0xd, 0xdd, 0xdd, 0xdd, 0xdd, 0x90, 0x0,
    0x0, 0xf, 0x64, 0x44, 0x44, 0x4a, 0xb0, 0x0,
    0x0, 0xf, 0x30, 0x0, 0x0, 0x8, 0xb0, 0x0,
    0x0, 0xf, 0xee, 0xee, 0xee, 0xef, 0xb0, 0x0,
    0x0, 0x3, 0x64, 0x33, 0x33, 0x65, 0x20, 0x0,
    0x0, 0x0, 0xd8, 0x0, 0x0, 0xca, 0x0, 0x0,
    0x2, 0x22, 0x7f, 0x32, 0x25, 0xf4, 0x22, 0x20,
    0xf, 0xff, 0xff, 0xff, 0xff, 0xff, 0xff, 0xf0,

    /* U+7684 "的" */
    0x2, 0xb1, 0x0, 0x0, 0xa3, 0x0, 0x0, 0x6,
    0xd0, 0x0, 0x5, 0xf1, 0x0, 0x0, 0xbe, 0xec,
    0xc2, 0xb, 0xd3, 0x33, 0x31, 0xe8, 0x66, 0xf3,
    0x4f, 0xff, 0xff, 0xf8, 0xe3, 0x0, 0xe4, 0xea,
    0x0, 0x0, 0xc8, 0xe3, 0x0, 0xe7, 0xc1, 0x0,
    0x0, 0xc8, 0xe4, 0x11, 0xe3, 0x2, 0x80, 0x0,
    0xc7, 0xef, 0xff, 0xf3, 0x1, 0xf6, 0x0, 0xd7,
    0xe5, 0x22, 0xe3, 0x0, 0x8e, 0x0, 0xd6, 0xe3,
    0x0, 0xe3, 0x0, 0x1b, 0x10, 0xe5, 0xe3, 0x0,
    0xe3, 0x0, 0x0, 0x0, 0xf4, 0xe6, 0x33, 0xf3,
    0x0, 0x0, 0x1, 0xf2, 0xef, 0xff, 0xf3, 0x0,
    0x2, 0x49, 0xe0, 0xc3, 0x0, 0x61, 0x0, 0x2e,
    0xfe, 0x40,

    /* U+77EB "矫" */
    0x0, 0x96, 0x0, 0x3, 0x46, 0x8a, 0xcc, 0x0,
    0x0, 0xf4, 0x0, 0xd, 0xfe, 0xe8, 0x52, 0x0,
    0x4, 0xfe, 0xee, 0x0, 0x7, 0xc0, 0x0, 0x0,
    0xb, 0xbb, 0xb5, 0x13, 0x3a, 0xb3, 0x33, 0x30,
    0x2f, 0x29, 0x80, 0x8f, 0xff, 0xff, 0xff, 0xf1,
    0x2, 0xa, 0x70, 0x1, 0x8f, 0x23, 0xf3, 0x10,
    0x1d, 0xdf, 0xed, 0x38, 0xf5, 0x0, 0x9e, 0x30,
    0x5, 0x5f, 0x86, 0xee, 0x99, 0x3, 0xaa, 0xf3,
    0x0, 0x1f, 0x40, 0x30, 0x7b, 0x5, 0xe0, 0x30,
    0x0, 0x4f, 0xe3, 0x0, 0x8b, 0x5, 0xe0, 0x0,
    0x0, 0xab, 0x8e, 0x30, 0xa9, 0x5, 0xe0, 0x0,
    0x3, 0xf4, 0xb, 0x20, 0xe6, 0x5, 0xe0, 0x0,
    0xd, 0xb0, 0x0, 0x8, 0xf1, 0x5, 0xe0, 0x0,
    0x8, 0x10, 0x0, 0x8, 0x50, 0x5, 0xe0, 0x0,

    /* U+7801 "码" */
    0xf, 0xff, 0xff, 0xbc, 0xff, 0xff, 0xfc, 0x0,
    0x35, 0xf4, 0x32, 0x24, 0x33, 0x39, 0xa0, 0x0,
    0x6c, 0x0, 0x0, 0xe6, 0x0, 0xa7, 0x0, 0xb,
    0x70, 0x0, 0x1f, 0x30, 0xd, 0x50, 0x1, 0xf3,
    0x11, 0x3, 0xf0, 0x0, 0xf2, 0x0, 0x8f, 0xff,
    0xf2, 0x6d, 0x0, 0x3f, 0x0, 0x1f, 0xe8, 0x1f,
    0x29, 0xff, 0xff, 0xff, 0xd1, 0x9a, 0x81, 0xf2,
    0x23, 0x33, 0x33, 0x9d, 0x0, 0xa8, 0x1f, 0x22,
    0x22, 0x22, 0x18, 0xc0, 0xa, 0x81, 0xf5, 0xff,
    0xff, 0xf9, 0xaa, 0x0, 0xae, 0xdf, 0x20, 0x0,
    0x0, 0xb, 0x80, 0xa, 0xa5, 0xf2, 0x0, 0x2,
    0x45, 0xf5, 0x0, 0x97, 0x2, 0x0, 0x0, 0x8f,
    0xf9, 0x0,

    /* U+786C "硬" */
    0x9, 0x99, 0x99, 0x6c, 0xff, 0xff, 0xff, 0xf4,
    0x7, 0x8f, 0x77, 0x51, 0x22, 0x6d, 0x22, 0x20,
    0x0, 0x6c, 0x0, 0x7, 0xff, 0xff, 0xff, 0xd0,
    0x0, 0xb8, 0x0, 0x8, 0xd1, 0x6d, 0x16, 0xe0,
    0x1, 0xf3, 0x0, 0x8, 0xd2, 0x7d, 0x27, 0xe0,
    0x9, 0xfc, 0xcc, 0x18, 0xfe, 0xff, 0xef, 0xe0,
    0x1f, 0xfa, 0x4f, 0x28, 0xc0, 0x5d, 0x5, 0xe0,
    0x2b, 0xb8, 0x1f, 0x28, 0xff, 0xff, 0xff, 0xe0,
    0x0, 0xb8, 0x1f, 0x22, 0x91, 0x9b, 0x11, 0x10,
    0x0, 0xb8, 0x1f, 0x22, 0xea, 0xd7, 0x0, 0x0,
    0x0, 0xbf, 0xef, 0x20, 0x2e, 0xf6, 0x0, 0x0,
    0x0, 0xba, 0x44, 0x1, 0x8f, 0xcf, 0xc6, 0x10,
    0x0, 0x97, 0x0, 0x7f, 0xf6, 0x3, 0xbf, 0xf6,
    0x0, 0x0, 0x0, 0x36, 0x10, 0x0, 0x1, 0x50,

    /* U+786E "确" */
    0x0, 0x0, 0x0, 0x0, 0x0, 0x0, 0x0, 0x0,
    0x11, 0x11, 0x10, 0x7, 0xc0, 0x0, 0x0, 0xf,
    0xff, 0xff, 0xc0, 0xef, 0xff, 0xf3, 0x0, 0x14,
    0xf2, 0x11, 0x7e, 0x32, 0xbe, 0x10, 0x0, 0x6c,
    0x0, 0x3f, 0x92, 0x4f, 0x82, 0x20, 0xb, 0x70,
    0xc, 0xff, 0xff, 0xff, 0xfe, 0x0, 0xf3, 0x0,
    0x2d, 0x50, 0xe4, 0x4, 0xe0, 0x7f, 0xdd, 0xd1,
    0xc7, 0x3e, 0x73, 0x6e, 0xe, 0xfa, 0x6f, 0x2c,
    0xee, 0xfe, 0xee, 0xe2, 0xca, 0x81, 0xf2, 0xc5,
    0xe, 0x40, 0x4e, 0x0, 0xa8, 0x1f, 0x2d, 0xa8,
    0xfa, 0x8a, 0xe0, 0xa, 0x81, 0xf2, 0xf9, 0x8f,
    0xa8, 0xae, 0x0, 0xae, 0xdf, 0x5f, 0x0, 0xe4,
    0x4, 0xe0, 0xa, 0xa5, 0xfa, 0xb0, 0xe, 0x40,
    0x4e, 0x0, 0x97, 0x2, 0xd4, 0x0, 0xe4, 0xbe,
    0xa0, 0x0, 0x0, 0x0, 0x0, 0x0, 0x0, 0x0,

    /* U+7981 "禁" */
    0x0, 0x1, 0xf0, 0x0, 0x0, 0x5e, 0x0, 0x0,
    0x2, 0x24, 0xf2, 0x21, 0x22, 0x7e, 0x22, 0x20,
    0xd, 0xff, 0xff, 0xf5, 0xff, 0xff, 0xff, 0xb0,
    0x0, 0x2f, 0xf8, 0x0, 0x6, 0xff, 0xc0, 0x0,
    0x1, 0xda, 0xfb, 0xe3, 0x3f, 0xae, 0xba, 0x0,
    0x1d, 0xb2, 0xf0, 0x77, 0xf7, 0x5e, 0x1d, 0xc1,
    0x7, 0x1, 0xf0, 0x2, 0x60, 0x5d, 0x0, 0x80,
    0x0, 0x7c, 0xcc, 0xcc, 0xcc, 0xcc, 0xc4, 0x0,
    0x0, 0x23, 0x33, 0x33, 0x33, 0x33, 0x31, 0x0,
    0xd, 0xee, 0xee, 0xee, 0xee, 0xee, 0xee, 0xc0,
    0x3, 0x33, 0x65, 0x38, 0xd3, 0x66, 0x33, 0x20,
    0x0, 0x29, 0xf8, 0x6, 0xc0, 0x7f, 0xa1, 0x0,
    0xb, 0xfc, 0x43, 0x39, 0xc0, 0x2, 0xbf, 0x50,
    0x4, 0x30, 0x9, 0xff, 0x60, 0x0, 0x6, 0x10,

    /* U+79D2 "秒" */
    0x0, 0x0, 0x0, 0x0, 0x0, 0x0, 0x0, 0x0,
    0x0, 0x2, 0x8d, 0x60, 0x0, 0xe6, 0x0, 0x0,
    0xa, 0xff, 0xd5, 0x0, 0x10, 0xe6, 0x11, 0x0,
    0x4, 0x3a, 0x80, 0x4, 0xf0, 0xe6, 0xaa, 0x0,
    0x0, 0xa, 0x80, 0x8, 0xc0, 0xe6, 0x2f, 0x30,
    0x1f, 0xff, 0xff, 0xcc, 0x80, 0xe6, 0xa, 0xa0,
    0x2, 0x3f, 0xb2, 0x4f, 0x40, 0xe6, 0x4, 0xf1,
    0x0, 0x5f, 0xf5, 0x8e, 0x0, 0xe6, 0x0, 0x70,
    0x0, 0xbf, 0xcf, 0x56, 0x0, 0xe6, 0x1c, 0x40,
    0x4, 0xfc, 0x8a, 0x70, 0x0, 0xe6, 0xae, 0x0,
    0xd, 0xaa, 0x81, 0x0, 0x0, 0x69, 0xf4, 0x0,
    0x4e, 0x1a, 0x80, 0x0, 0x0, 0x8f, 0x60, 0x0,
    0x2, 0xa, 0x80, 0x0, 0x3c, 0xf5, 0x0, 0x0,
    0x0, 0xa, 0x81, 0x6b, 0xfa, 0x10, 0x0, 0x0,
    0x0, 0xa, 0x83, 0xe8, 0x20, 0x0, 0x0, 0x0,
    0x0, 0x0, 0x0, 0x0, 0x0, 0x0, 0x0, 0x0,

    /* U+7A7A "空" */
    0x0, 0x0, 0x0, 0x95, 0x0, 0x0, 0x0, 0x5,
    0x55, 0x55, 0x5c, 0xd5, 0x55, 0x55, 0x50, 0xed,
    0xcc, 0xcc, 0xcc, 0xcc, 0xcc, 0xde, 0xe, 0x50,
    0x0, 0x10, 0x0, 0x0, 0x5, 0xe0, 0x72, 0x1,
    0xbc, 0x0, 0x8e, 0x70, 0x27, 0x0, 0x18, 0xfb,
    0x10, 0x0, 0x7e, 0xd4, 0x0, 0x6f, 0xc5, 0x0,
    0x0, 0x0, 0x9, 0xf7, 0x1, 0x20, 0x0, 0x0,
    0x0, 0x0, 0x4, 0x10, 0xc, 0xff, 0xff, 0xff,
    0xff, 0xff, 0xf1, 0x0, 0x34, 0x44, 0x48, 0xe4,
    0x44, 0x44, 0x0, 0x0, 0x0, 0x0, 0x6d, 0x0,
    0x0, 0x0, 0x0, 0x0, 0x0, 0x6, 0xd0, 0x0,
    0x0, 0x0, 0x23, 0x33, 0x33, 0x8e, 0x33, 0x33,
    0x33, 0xa, 0xff, 0xff, 0xff, 0xff, 0xff, 0xff,
    0xf0,

    /* U+7BA1 "管" */
    0x0, 0x0, 0x0, 0x0, 0x0, 0x0, 0x0, 0x0,
    0x0, 0x2e, 0x60, 0x0, 0x5, 0xd0, 0x0, 0x0,
    0x2, 0xdf, 0xff, 0xff, 0x2e, 0xff, 0xff, 0xf3,
    0xe, 0xb0, 0x3f, 0x30, 0xda, 0x5, 0xf1, 0x0,
    0x2, 0x0, 0x3, 0xb, 0x70, 0x0, 0x30, 0x0,
    0xc, 0xdd, 0xdd, 0xdf, 0xfd, 0xdd, 0xdd, 0xc0,
    0xe, 0x73, 0x33, 0x33, 0x33, 0x33, 0x37, 0xe0,
    0xa, 0x6f, 0xff, 0xff, 0xff, 0xff, 0xe3, 0x90,
    0x0, 0x3f, 0x21, 0x11, 0x11, 0x16, 0xe0, 0x0,
    0x0, 0x3f, 0xcc, 0xcc, 0xcc, 0xcd, 0xe0, 0x0,
    0x0, 0x3f, 0x44, 0x44, 0x44, 0x44, 0x30, 0x0,
    0x0, 0x3f, 0xff, 0xff, 0xff, 0xff, 0xfc, 0x0,
    0x0, 0x3f, 0x21, 0x11, 0x11, 0x11, 0x8c, 0x0,
    0x0, 0x3f, 0x32, 0x22, 0x22, 0x22, 0x8c, 0x0,
    0x0, 0x3f, 0xee, 0xee, 0xee, 0xee, 0xfc, 0x0,
    0x0, 0x2, 0x0, 0x0, 0x0, 0x0, 0x0, 0x0,

    /* U+7EB9 "纹" */
    0x0, 0x8, 0x40, 0x0, 0x3, 0x80, 0x0, 0x0,
    0x0, 0xf, 0x30, 0x0, 0x3, 0xf5, 0x0, 0x0,
    0x0, 0x7d, 0x2, 0x3, 0x33, 0xdb, 0x33, 0x30,
    0x0, 0xe4, 0x2f, 0x5f, 0xff, 0xff, 0xff, 0xf2,
    0x9, 0xc3, 0xbb, 0x0, 0xf3, 0x0, 0x3f, 0x0,
    0xd, 0xfe, 0xf2, 0x0, 0xc7, 0x0, 0x6d, 0x0,
    0x0, 0x1e, 0x80, 0x0, 0x8b, 0x0, 0xa9, 0x0,
    0x0, 0xac, 0x0, 0x0, 0x3f, 0x20, 0xe5, 0x0,
    0x8, 0xf9, 0xce, 0x0, 0xd, 0x86, 0xe0, 0x0,
    0xe, 0xea, 0x61, 0x0, 0x6, 0xfe, 0x80, 0x0,
    0x0, 0x0, 0x2, 0x0, 0x0, 0xff, 0x10, 0x0,
    0x3, 0x7a, 0xef, 0x30, 0xb, 0xff, 0xb0, 0x0,
    0xf, 0xea, 0x51, 0x3, 0xce, 0x33, 0xed, 0x20,
    0x2, 0x0, 0x0, 0x5f, 0xc2, 0x0, 0x2d, 0xf1,
    0x0, 0x0, 0x0, 0x5, 0x0, 0x0, 0x0, 0x50,

    /* U+7ED1 "绑" */
    0x0, 0x67, 0x0, 0xe, 0x40, 0x0, 0x0, 0x0,
    0xc, 0x70, 0x0, 0xe4, 0x5, 0xff, 0xfd, 0x2,
    0xf1, 0x49, 0xff, 0xff, 0x6c, 0x17, 0xa0, 0x9a,
    0x5f, 0x22, 0xe6, 0x25, 0xc0, 0xb5, 0x1f, 0x8d,
    0x90, 0xe, 0x40, 0x5c, 0x1f, 0x1, 0xab, 0xf2,
    0x5f, 0xff, 0xc5, 0xc6, 0xb0, 0x0, 0xca, 0x0,
    0x2e, 0x62, 0x5c, 0x3e, 0x0, 0x5f, 0x20, 0x0,
    0xe4, 0x5, 0xc0, 0xb6, 0x1e, 0xba, 0xa4, 0x5f,
    0x85, 0x6c, 0x6, 0xb3, 0xfc, 0x61, 0x9c, 0xfd,
    0xc7, 0xc0, 0x3d, 0x0, 0x3, 0x40, 0x3f, 0x0,
    0x5c, 0x4, 0xd1, 0x8d, 0xf7, 0x9, 0xb0, 0x5,
    0xc9, 0xf7, 0x2b, 0x61, 0x3, 0xf4, 0x0, 0x5c,
    0x12, 0x0, 0x0, 0x0, 0x78, 0x0, 0x5, 0xc0,
    0x0,

    /* U+7ED3 "结" */
    0x0, 0xa, 0x50, 0x0, 0x0, 0xb9, 0x0, 0x0,
    0x0, 0x1f, 0x20, 0x0, 0x0, 0xb9, 0x0, 0x0,
    0x0, 0x7c, 0x5, 0x3f, 0xff, 0xff, 0xff, 0xf2,
    0x1, 0xe4, 0x3f, 0x33, 0x33, 0xca, 0x33, 0x30,
    0x9, 0xc4, 0xb9, 0x0, 0x0, 0xb9, 0x0, 0x0,
    0xd, 0xff, 0xe1, 0x2, 0x44, 0xca, 0x44, 0x20,
    0x1, 0x1d, 0x50, 0x9, 0xee, 0xee, 0xee, 0x90,
    0x0, 0xb9, 0x2, 0x0, 0x0, 0x0, 0x0, 0x0,
    0xb, 0xfc, 0xfb, 0x3, 0xff, 0xff, 0xff, 0x60,
    0xa, 0x85, 0x10, 0x4, 0xf3, 0x33, 0x3c, 0x70,
    0x0, 0x0, 0x37, 0x14, 0xf0, 0x0, 0xc, 0x70,
    0x8, 0xbf, 0xfc, 0x24, 0xf0, 0x0, 0xc, 0x70,
    0xc, 0xa5, 0x10, 0x4, 0xff, 0xff, 0xff, 0x70,
    0x0, 0x0, 0x0, 0x4, 0xf3, 0x33, 0x3c, 0x70,

    /* U+7EDC "络" */
    0x0, 0x56, 0x0, 0x0, 0x94, 0x0, 0x0, 0x0,
    0xc, 0x70, 0x0, 0x4f, 0x74, 0x44, 0x10, 0x3,
    0xf1, 0x10, 0xc, 0xed, 0xdd, 0xf5, 0x0, 0xb9,
    0xd, 0x77, 0xf7, 0x0, 0x8e, 0x0, 0x5e, 0x27,
    0xe1, 0xf8, 0xf4, 0x4f, 0x50, 0x9, 0xfe, 0xf6,
    0x1, 0x6, 0xfe, 0x70, 0x0, 0x10, 0xac, 0x0,
    0x1, 0x9f, 0xfb, 0x30, 0x0, 0x6f, 0x20, 0x1a,
    0xfc, 0x32, 0xbf, 0xd3, 0x4f, 0xaa, 0xe2, 0x85,
    0x11, 0x11, 0x49, 0xb, 0xfc, 0x83, 0x4, 0xff,
    0xff, 0xff, 0x40, 0x10, 0x0, 0x0, 0x4e, 0x0,
    0x0, 0xe4, 0x1, 0x58, 0xcf, 0x64, 0xe0, 0x0,
    0xe, 0x40, 0xcf, 0xc7, 0x30, 0x4f, 0x55, 0x55,
    0xf4, 0x2, 0x10, 0x0, 0x4, 0xfc, 0xcc, 0xcf,
    0x40,

    /* U+7EDD "绝" */
    0x0, 0x0, 0x0, 0x0, 0x10, 0x0, 0x0, 0x0,
    0x0, 0xf, 0x30, 0x0, 0xe6, 0x0, 0x0, 0x0,
    0x0, 0x5d, 0x0, 0x4, 0xfe, 0xdd, 0xc0, 0x0,
    0x0, 0xc7, 0x7, 0xc, 0x93, 0x3c, 0xb0, 0x0,
    0x5, 0xd0, 0x8d, 0x6f, 0x10, 0x2f, 0x40, 0x0,
    0xe, 0xb9, 0xf6, 0xef, 0xff, 0xff, 0xff, 0x40,
    0xc, 0xae, 0xd0, 0x5d, 0x61, 0xe4, 0x1e, 0x40,
    0x0, 0x5f, 0x40, 0xd, 0x50, 0xe3, 0xe, 0x40,
    0x1, 0xe9, 0x0, 0xd, 0x50, 0xe3, 0xe, 0x40,
    0xc, 0xf8, 0xcb, 0xd, 0x84, 0xf6, 0x4f, 0x40,
    0x2f, 0xda, 0x61, 0xd, 0xdb, 0xbb, 0xbb, 0x30,
    0x1, 0x0, 0x25, 0xd, 0x50, 0x0, 0x0, 0x0,
    0x17, 0xae, 0xfc, 0xd, 0x50, 0x0, 0x2, 0x70,
    0x1d, 0x95, 0x10, 0xd, 0x93, 0x33, 0x3a, 0xe0,
    0x0, 0x0, 0x0, 0x6, 0xef, 0xff, 0xfd, 0x60,

    /* U+7EEA "绪" */
    0x0, 0xa, 0x50, 0x0, 0x1, 0xf2, 0x0, 0x0,
    0x0, 0x1f, 0x30, 0x1, 0x23, 0xf4, 0x26, 0xc0,
    0x0, 0x8d, 0x1, 0x5, 0xff, 0xff, 0xff, 0x40,
    0x1, 0xf4, 0x1f, 0x30, 0x1, 0xf2, 0xd9, 0x0,
    0xa, 0xb2, 0xab, 0x4, 0x45, 0xfd, 0xf5, 0x40,
    0xd, 0xfe, 0xf2, 0xb, 0xcd, 0xfe, 0xcc, 0xc2,
    0x1, 0xd, 0x70, 0x0, 0x2d, 0xa0, 0x0, 0x0,
    0x0, 0xab, 0x2, 0x7, 0xff, 0xff, 0xff, 0x80,
    0x8, 0xfb, 0xee, 0xb, 0xd8, 0x22, 0x2b, 0x90,
    0xe, 0xd9, 0x40, 0x0, 0xc7, 0x11, 0x1b, 0x90,
    0x0, 0x0, 0x25, 0x0, 0xcf, 0xff, 0xff, 0x90,
    0x7, 0xae, 0xfd, 0x20, 0xc7, 0x0, 0xb, 0x90,
    0xb, 0x95, 0x10, 0x0, 0xcf, 0xee, 0xef, 0x90,
    0x0, 0x0, 0x0, 0x0, 0xc8, 0x22, 0x2b, 0x90,

    /* U+7F16 "编" */
    0x0, 0x8, 0x40, 0x0, 0x3, 0xa0, 0x0, 0x0,
    0x0, 0xf, 0x40, 0x2, 0x24, 0xf5, 0x22, 0x20,
    0x0, 0x6e, 0x1, 0x4f, 0xff, 0xff, 0xff, 0xe0,
    0x0, 0xd7, 0x3f, 0x5e, 0x0, 0x0, 0x4, 0xe0,
    0x7, 0xd2, 0xba, 0x4f, 0x55, 0x55, 0x58, 0xe0,
    0xa, 0xfe, 0xf2, 0x4f, 0xcc, 0xcc, 0xcc, 0xb0,
    0x0, 0xd, 0x80, 0x4e, 0x22, 0x22, 0x22, 0x20,
    0x0, 0x8d, 0x0, 0x4e, 0xbf, 0xff, 0xff, 0xf1,
    0x5, 0xf9, 0xdb, 0x4e, 0xb5, 0xe2, 0xf1, 0xf1,
    0xc, 0xfb, 0x50, 0x6c, 0xb6, 0xe3, 0xf2, 0xf1,
    0x1, 0x0, 0x1, 0x8a, 0xbf, 0xff, 0xff, 0xf1,
    0x3, 0x7b, 0xfb, 0xc6, 0xb5, 0xe2, 0xf1, 0xf1,
    0xa, 0xb8, 0x43, 0xf1, 0xb5, 0xe2, 0xf2, 0xf1,
    0x0, 0x0, 0x2, 0x90, 0xb5, 0x0, 0x3f, 0xc0,
    0x0, 0x0, 0x0, 0x0, 0x0, 0x0, 0x0, 0x0,

    /* U+7F51 "网" */
    0x5f, 0xff, 0xff, 0xff, 0xff, 0xff, 0xf6, 0x5e,
    0x33, 0x33, 0x33, 0x33, 0x33, 0xe6, 0x5e, 0x0,
    0xc, 0x70, 0x2, 0xf2, 0xd6, 0x5e, 0x3e, 0x2e,
    0x6f, 0x35, 0xf0, 0xd6, 0x5e, 0xa, 0xdf, 0x29,
    0xd9, 0xc0, 0xd6, 0x5e, 0x0, 0xde, 0x0, 0xdf,
    0x70, 0xd6, 0x5e, 0x0, 0xbf, 0x10, 0x5f, 0x40,
    0xd6, 0x5e, 0x2, 0xfd, 0xa0, 0xbf, 0xb0, 0xd6,
    0x5e, 0xb, 0xb3, 0xd7, 0xf4, 0xf4, 0xd6, 0x5e,
    0x7f, 0x20, 0x4f, 0x60, 0x98, 0xd6, 0x5e, 0x74,
    0x0, 0x47, 0x0, 0x10, 0xd6, 0x5e, 0x0, 0x0,
    0x0, 0x0, 0x54, 0xf5, 0x5e, 0x0, 0x0, 0x0,
    0x0, 0xdf, 0xd1, 0x0, 0x0, 0x0, 0x0, 0x0,
    0x0, 0x0,

    /* U+7F6E "置" */
    0x0, 0xef, 0xff, 0xff, 0xff, 0xff, 0xfc, 0x0,
    0x0, 0xe9, 0x79, 0xe7, 0x7e, 0x97, 0xac, 0x0,
    0x0, 0x79, 0x99, 0x9f, 0xf9, 0x99, 0x96, 0x0,
    0x2, 0x44, 0x44, 0x4c, 0xb4, 0x44, 0x44, 0x10,
    0x7, 0xcc, 0xcc, 0xcf, 0xdc, 0xcc, 0xcc, 0x50,
    0x0, 0x7, 0x88, 0x8e, 0xb8, 0x88, 0x80, 0x0,
    0x0, 0xe, 0x97, 0x77, 0x77, 0x78, 0xf0, 0x0,
    0x0, 0xe, 0xff, 0xff, 0xff, 0xff, 0xf0, 0x0,
    0x0, 0xe, 0x96, 0x66, 0x66, 0x67, 0xf0, 0x0,
    0x0, 0xe, 0xa7, 0x77, 0x77, 0x78, 0xf0, 0x0,
    0x0, 0xe, 0xee, 0xee, 0xee, 0xee, 0xf0, 0x0,
    0x1, 0x1e, 0x61, 0x11, 0x11, 0x13, 0xf1, 0x10,
    0x1f, 0xff, 0xff, 0xff, 0xff, 0xff, 0xff, 0xf2,

    /* U+8054 "联" */
    0x0, 0x0, 0x0, 0x0, 0x30, 0x0, 0x33, 0x0,
    0x3f, 0xff, 0xff, 0xf3, 0xe6, 0x0, 0xc9, 0x0,
    0x7, 0xe3, 0x3f, 0x50, 0x4e, 0x2, 0xf2, 0x0,
    0x6, 0xe2, 0x3f, 0x37, 0x99, 0x9c, 0xe9, 0x40,
    0x6, 0xff, 0xff, 0x36, 0x88, 0xfa, 0x88, 0x40,
    0x6, 0xe0, 0x1f, 0x30, 0x0, 0xe5, 0x0, 0x0,
    0x6, 0xe3, 0x3f, 0x30, 0x0, 0xe5, 0x0, 0x0,
    0x6, 0xfe, 0xef, 0x4f, 0xff, 0xff, 0xff, 0xe0,
    0x6, 0xe0, 0x1f, 0x53, 0x36, 0xfe, 0x33, 0x30,
    0x6, 0xe2, 0x8f, 0xc0, 0x8, 0xce, 0x50, 0x0,
    0x2b, 0xff, 0xcf, 0x30, 0x2f, 0x56, 0xe1, 0x0,
    0x1b, 0x61, 0x1f, 0x31, 0xdb, 0x0, 0xcc, 0x0,
    0x0, 0x0, 0x1f, 0x5d, 0xc0, 0x0, 0x1e, 0xc0,
    0x0, 0x0, 0x1f, 0x6a, 0x0, 0x0, 0x2, 0xa0,

    /* U+80FD "能" */
    0x0, 0x4, 0x0, 0x0, 0x0, 0x0, 0x0, 0x0,
    0x8, 0xd1, 0x40, 0xf, 0x30, 0x1, 0x0, 0x6,
    0xf3, 0x4f, 0x40, 0xf5, 0x7c, 0xf6, 0x8, 0xfb,
    0x8a, 0xfe, 0x1f, 0xd9, 0x50, 0x0, 0x8a, 0x86,
    0x53, 0xc4, 0xf3, 0x0, 0x17, 0x1, 0x99, 0x99,
    0x93, 0xf, 0x62, 0x28, 0xe0, 0x2f, 0x98, 0x8e,
    0x60, 0x8d, 0xee, 0xd5, 0x2, 0xf2, 0x0, 0xd6,
    0x6, 0x10, 0x0, 0x0, 0x2f, 0xff, 0xff, 0x60,
    0xf3, 0x0, 0x43, 0x2, 0xf2, 0x0, 0xd6, 0xf,
    0x8a, 0xfd, 0x70, 0x2f, 0xff, 0xff, 0x60, 0xfa,
    0x62, 0x0, 0x2, 0xf2, 0x0, 0xd6, 0xf, 0x30,
    0x0, 0xa1, 0x2f, 0x22, 0x2e, 0x60, 0xf6, 0x22,
    0x5f, 0x12, 0xf2, 0xaf, 0xd2, 0x8, 0xef, 0xff,
    0x90, 0x2, 0x0, 0x0, 0x0, 0x0, 0x0, 0x0,
    0x0,

    /* U+8138 "脸" */
    0x0, 0x0, 0x0, 0x0, 0x0, 0x30, 0x0, 0x0,
    0x3, 0xff, 0xff, 0x0, 0x6, 0xf3, 0x0, 0x0,
    0x3, 0xf2, 0x5f, 0x0, 0x3f, 0xce, 0x30, 0x0,
    0x3, 0xf0, 0x3f, 0x3, 0xe8, 0x9, 0xf6, 0x0,
    0x3, 0xfd, 0xef, 0x5f, 0x90, 0x0, 0x7f, 0xc1,
    0x3, 0xf0, 0x3f, 0x97, 0xdf, 0xff, 0xf5, 0x90,
    0x3, 0xf0, 0x3f, 0x0, 0x22, 0x22, 0x20, 0x0,
    0x4, 0xf2, 0x5f, 0x0, 0xb, 0x30, 0x44, 0x0,
    0x5, 0xfe, 0xef, 0x2f, 0x1c, 0x80, 0xbb, 0x0,
    0x6, 0xe0, 0x3f, 0xd, 0x68, 0xb0, 0xf6, 0x0,
    0x7, 0xc0, 0x3f, 0x9, 0xa6, 0xe5, 0xf0, 0x0,
    0xb, 0xa0, 0x3f, 0x5, 0x71, 0x1b, 0x90, 0x0,
    0xe, 0x71, 0x6f, 0x13, 0x33, 0x4f, 0x53, 0x30,
    0x1e, 0x39, 0xfa, 0x6f, 0xff, 0xff, 0xff, 0xe0,
    0x0, 0x0, 0x0, 0x0, 0x0, 0x0, 0x0, 0x0,

    /* U+81F4 "致" */
    0x0, 0x0, 0x0, 0x0, 0x0, 0x81, 0x0, 0x0,
    0xf, 0xff, 0xff, 0xff, 0x4, 0xf0, 0x0, 0x0,
    0x2, 0x3d, 0xb3, 0x33, 0x8, 0xd3, 0x33, 0x30,
    0x0, 0x3f, 0x3a, 0xa0, 0xc, 0xff, 0xff, 0xd0,
    0x0, 0xcb, 0x5, 0xf2, 0x2f, 0x30, 0x2f, 0x10,
    0x8, 0xf9, 0xbe, 0xf8, 0x8f, 0x0, 0x4f, 0x0,
    0x7, 0xca, 0x74, 0x8a, 0xef, 0x60, 0x8c, 0x0,
    0x0, 0x3, 0xd0, 0x1, 0xb8, 0xd0, 0xc9, 0x0,
    0x0, 0x4, 0xf0, 0x0, 0x0, 0xe8, 0xf4, 0x0,
    0xa, 0xff, 0xff, 0xf8, 0x0, 0x7f, 0xd0, 0x0,
    0x1, 0x26, 0xf2, 0x21, 0x0, 0x6f, 0xa0, 0x0,
    0x0, 0x4, 0xf1, 0x45, 0x3, 0xfb, 0xf8, 0x0,
    0x17, 0xad, 0xff, 0xfb, 0x6f, 0xb0, 0x6f, 0x90,
    0xc, 0xb8, 0x52, 0x1, 0xe9, 0x0, 0x6, 0xd1,
    0x0, 0x0, 0x0, 0x0, 0x10, 0x0, 0x0, 0x0,

    /* U+8282 "节" */
    0x0, 0x0, 0x4f, 0x0, 0x0, 0xf4, 0x0, 0x0,
    0x3, 0x33, 0x6f, 0x33, 0x33, 0xf6, 0x33, 0x30,
    0xe, 0xee, 0xef, 0xee, 0xee, 0xfe, 0xee, 0xe0,
    0x0, 0x0, 0x4f, 0x0, 0x0, 0xf4, 0x0, 0x0,
    0x0, 0x0, 0x29, 0x0, 0x0, 0x92, 0x0, 0x0,
    0x0, 0x33, 0x33, 0x33, 0x33, 0x33, 0x32, 0x0,
    0x1, 0xff, 0xff, 0xff, 0xff, 0xff, 0xf9, 0x0,
    0x0, 0x0, 0x0, 0xf5, 0x0, 0x0, 0xa9, 0x0,
    0x0, 0x0, 0x0, 0xf5, 0x0, 0x0, 0xc8, 0x0,
    0x0, 0x0, 0x0, 0xf5, 0x0, 0x0, 0xe7, 0x0,
    0x0, 0x0, 0x0, 0xf5, 0x0, 0x0, 0xf4, 0x0,
    0x0, 0x0, 0x0, 0xf5, 0x9, 0xfe, 0xe0, 0x0,
    0x0, 0x0, 0x0, 0xf5, 0x1, 0x45, 0x10, 0x0,
    0x0, 0x0, 0x0, 0xf5, 0x0, 0x0, 0x0, 0x0,

    /* U+83B7 "获" */
    0x0, 0x5, 0xf0, 0x0, 0xf, 0x50, 0x0, 0xd,
    0xdd, 0xef, 0xdd, 0xdd, 0xfe, 0xdd, 0xd0, 0x55,
    0x58, 0xf5, 0x55, 0x5f, 0x85, 0x55, 0x0, 0x0,
    0x27, 0x0, 0x0, 0x72, 0x0, 0x0, 0x2c, 0x20,
    0xaa, 0x0, 0x3a, 0x7, 0x10, 0x0, 0x8e, 0xdc,
    0x10, 0x5, 0xd0, 0xaa, 0x0, 0x19, 0xff, 0x10,
    0x22, 0x7d, 0x23, 0x31, 0xb, 0xb4, 0xe6, 0x7f,
    0xff, 0xff, 0xff, 0xc0, 0x0, 0x2e, 0xb0, 0x0,
    0x8f, 0x70, 0x0, 0x0, 0x5f, 0xed, 0x0, 0xb,
    0xdd, 0x0, 0x0, 0xaf, 0x66, 0xd0, 0x2, 0xf3,
    0xe6, 0x0, 0x3, 0x10, 0x8c, 0x0, 0xcb, 0x5,
    0xf4, 0x0, 0x5, 0x4e, 0x71, 0xbe, 0x10, 0x8,
    0xf7, 0x0, 0xef, 0xb0, 0x5d, 0x20, 0x0, 0x7,
    0x90, 0x0, 0x0, 0x0, 0x0, 0x0, 0x0, 0x0,
    0x0,

    /* U+83DC "菜" */
    0x0, 0x0, 0x5f, 0x0, 0x0, 0xf5, 0x0, 0x0,
    0xf, 0xff, 0xff, 0xff, 0xff, 0xff, 0xff, 0xf0,
    0x2, 0x22, 0x6f, 0x22, 0x22, 0xf6, 0x22, 0x20,
    0x0, 0x0, 0x13, 0x11, 0x34, 0x88, 0x98, 0x0,
    0x0, 0xef, 0xff, 0xff, 0xfe, 0xcb, 0xa8, 0x0,
    0x0, 0x3a, 0x21, 0x2b, 0x20, 0x2, 0xf4, 0x0,
    0x0, 0xd, 0x80, 0xa, 0x70, 0xb, 0xd0, 0x0,
    0x0, 0x7, 0xa0, 0x8, 0x80, 0x2e, 0x30, 0x0,
    0x2, 0x23, 0x22, 0x2b, 0xb2, 0x23, 0x22, 0x20,
    0xd, 0xff, 0xff, 0xff, 0xff, 0xff, 0xff, 0xd0,
    0x0, 0x0, 0x7, 0xec, 0xde, 0x50, 0x0, 0x0,
    0x0, 0x4, 0xcc, 0x2a, 0xa3, 0xdc, 0x40, 0x0,
    0x6, 0xde, 0x60, 0xa, 0xa0, 0x7, 0xee, 0x80,
    0x3, 0x50, 0x0, 0xa, 0xa0, 0x0, 0x6, 0x50,

    /* U+884C "行" */
    0x0, 0x3, 0xa0, 0x1, 0x11, 0x11, 0x11, 0x0,
    0x0, 0x1d, 0x80, 0x1f, 0xff, 0xff, 0xff, 0x70,
    0x1, 0xcc, 0x0, 0x2, 0x22, 0x22, 0x22, 0x0,
    0xd, 0xd1, 0x20, 0x0, 0x0, 0x0, 0x0, 0x0,
    0x5, 0x1, 0xe6, 0x0, 0x0, 0x0, 0x0, 0x0,
    0x0, 0xb, 0xd0, 0xbf, 0xff, 0xff, 0xff, 0xf1,
    0x0, 0x9f, 0x20, 0x23, 0x33, 0x3a, 0xc3, 0x30,
    0x9, 0xff, 0x0, 0x0, 0x0, 0x8, 0xc0, 0x0,
    0xb, 0x5f, 0x0, 0x0, 0x0, 0x8, 0xc0, 0x0,
    0x0, 0x3f, 0x0, 0x0, 0x0, 0x8, 0xc0, 0x0,
    0x0, 0x3f, 0x0, 0x0, 0x0, 0x8, 0xc0, 0x0,
    0x0, 0x3f, 0x0, 0x0, 0x0, 0x8, 0xc0, 0x0,
    0x0, 0x3f, 0x0, 0x0, 0x6, 0x5c, 0xb0, 0x0,
    0x0, 0x3f, 0x0, 0x0, 0xb, 0xed, 0x50, 0x0,

    /* U+8A00 "言" */
    0x0, 0x0, 0x0, 0xc, 0x40, 0x0, 0x0, 0x0,
    0x2, 0x22, 0x22, 0x2c, 0xb2, 0x22, 0x22, 0x20,
    0x3f, 0xff, 0xff, 0xff, 0xff, 0xff, 0xff, 0xf4,
    0x0, 0x0, 0x0, 0x0, 0x0, 0x0, 0x0, 0x0,
    0x0, 0xaf, 0xff, 0xff, 0xff, 0xff, 0xfa, 0x0,
    0x0, 0x23, 0x33, 0x33, 0x33, 0x33, 0x32, 0x0,
    0x0, 0x23, 0x33, 0x33, 0x33, 0x33, 0x32, 0x0,
    0x0, 0xaf, 0xff, 0xff, 0xff, 0xff, 0xfa, 0x0,
    0x0, 0x0, 0x0, 0x0, 0x0, 0x0, 0x0, 0x0,
    0x0, 0x9f, 0xff, 0xff, 0xff, 0xff, 0xf6, 0x0,
    0x0, 0xab, 0x33, 0x33, 0x33, 0x33, 0xd7, 0x0,
    0x0, 0xaa, 0x0, 0x0, 0x0, 0x0, 0xd7, 0x0,
    0x0, 0xac, 0x55, 0x55, 0x55, 0x55, 0xe7, 0x0,
    0x0, 0xaf, 0xdd, 0xdd, 0xdd, 0xdd, 0xf7, 0x0,

    /* U+8BA4 "认" */
    0x0, 0x88, 0x0, 0x0, 0x6, 0xe0, 0x0, 0x0,
    0x0, 0x6f, 0x30, 0x0, 0x6, 0xe0, 0x0, 0x0,
    0x0, 0xb, 0xb0, 0x0, 0x6, 0xe0, 0x0, 0x0,
    0x0, 0x2, 0x10, 0x0, 0x7, 0xe0, 0x0, 0x0,
    0x2, 0x22, 0x0, 0x0, 0x8, 0xd0, 0x0, 0x0,
    0x2f, 0xff, 0x30, 0x0, 0x9, 0xc0, 0x0, 0x0,
    0x0, 0xf, 0x30, 0x0, 0xc, 0xf0, 0x0, 0x0,
    0x0, 0xf, 0x30, 0x0, 0xe, 0xf4, 0x0, 0x0,
    0x0, 0xf, 0x30, 0x0, 0x2f, 0xca, 0x0, 0x0,
    0x0, 0xf, 0x30, 0x0, 0x7f, 0x2f, 0x20, 0x0,
    0x0, 0xf, 0x32, 0x0, 0xe9, 0xb, 0xa0, 0x0,
    0x0, 0xf, 0x7f, 0x19, 0xf1, 0x2, 0xf5, 0x0,
    0x0, 0xf, 0xf5, 0x6f, 0x50, 0x0, 0x8f, 0x30,
    0x0, 0x6, 0x46, 0xf6, 0x0, 0x0, 0xb, 0xf1,
    0x0, 0x0, 0x2, 0x50, 0x0, 0x0, 0x0, 0x30,

    /* U+8BB0 "记" */
    0x0, 0x23, 0x0, 0x0, 0x0, 0x0, 0x0, 0x0,
    0x0, 0xae, 0x10, 0xe, 0xff, 0xff, 0xff, 0x50,
    0x0, 0xd, 0xa0, 0x2, 0x33, 0x33, 0x3f, 0x50,
    0x0, 0x4, 0x40, 0x0, 0x0, 0x0, 0xf, 0x50,
    0x1, 0x11, 0x0, 0x0, 0x0, 0x0, 0xf, 0x50,
    0x2f, 0xff, 0x30, 0x1, 0x33, 0x33, 0x3f, 0x50,
    0x0, 0xf, 0x30, 0x5, 0xff, 0xff, 0xff, 0x50,
    0x0, 0xf, 0x30, 0x5, 0xe0, 0x0, 0xf, 0x50,
    0x0, 0xf, 0x30, 0x5, 0xe0, 0x0, 0x0, 0x0,
    0x0, 0xf, 0x30, 0x5, 0xe0, 0x0, 0x0, 0x0,
    0x0, 0xf, 0x32, 0x5, 0xe0, 0x0, 0x0, 0xb4,
    0x0, 0xf, 0x9e, 0x15, 0xe0, 0x0, 0x0, 0xf4,
    0x0, 0xf, 0xe3, 0x5, 0xf6, 0x44, 0x5a, 0xe0,
    0x0, 0x2, 0x10, 0x1, 0xdf, 0xff, 0xec, 0x40,

    /* U+8BBE "设" */
    0x0, 0x12, 0x0, 0x0, 0x0, 0x0, 0x0, 0x0,
    0xa, 0xe1, 0x0, 0x1f, 0xff, 0xff, 0x10, 0x0,
    0xe, 0x90, 0x2, 0xf3, 0x35, 0xf1, 0x0, 0x0,
    0x44, 0x0, 0x4f, 0x0, 0x3f, 0x10, 0x2, 0x22,
    0x0, 0xb, 0xb0, 0x3, 0xf1, 0x2, 0xff, 0xf3,
    0x9, 0xf2, 0x0, 0x1f, 0xec, 0x0, 0xf, 0x30,
    0x45, 0x22, 0x22, 0x35, 0x20, 0x0, 0xf3, 0x3,
    0xff, 0xff, 0xff, 0xf0, 0x0, 0xf, 0x30, 0x3,
    0xf1, 0x0, 0xda, 0x0, 0x0, 0xf3, 0x0, 0xc,
    0x90, 0x7f, 0x20, 0x0, 0xf, 0x33, 0x0, 0x3f,
    0x9f, 0x60, 0x0, 0x0, 0xf9, 0xe1, 0x1, 0xcf,
    0xc0, 0x0, 0x0, 0xf, 0xf4, 0x27, 0xee, 0x8f,
    0xd6, 0x0, 0x0, 0x43, 0x4f, 0xf9, 0x10, 0x1a,
    0xfc, 0x0, 0x0, 0x0, 0x40, 0x0, 0x0, 0x1,
    0x20,

    /* U+8BBF "访" */
    0x0, 0x77, 0x0, 0x0, 0x2, 0xc1, 0x0, 0x0,
    0x0, 0x6f, 0x30, 0x0, 0x0, 0xe8, 0x0, 0x0,
    0x0, 0xb, 0xb0, 0x13, 0x33, 0xbd, 0x33, 0x30,
    0x0, 0x1, 0x0, 0x4f, 0xff, 0xff, 0xff, 0xf1,
    0x4, 0x44, 0x0, 0x0, 0x8b, 0x0, 0x0, 0x0,
    0x2d, 0xdf, 0x30, 0x0, 0x9b, 0x0, 0x0, 0x0,
    0x0, 0xf, 0x30, 0x0, 0xaf, 0xff, 0xff, 0x80,
    0x0, 0xf, 0x30, 0x0, 0xb9, 0x22, 0x2e, 0x80,
    0x0, 0xf, 0x30, 0x0, 0xe5, 0x0, 0xe, 0x80,
    0x0, 0xf, 0x30, 0x2, 0xf2, 0x0, 0xf, 0x70,
    0x0, 0xf, 0x37, 0x9, 0xb0, 0x0, 0xf, 0x60,
    0x0, 0xf, 0xcc, 0x5f, 0x40, 0x0, 0x2f, 0x40,
    0x0, 0xd, 0xc6, 0xf8, 0x0, 0x65, 0xaf, 0x20,
    0x0, 0x0, 0xa, 0x80, 0x0, 0xcf, 0xf8, 0x0,
    0x0, 0x0, 0x0, 0x0, 0x0, 0x0, 0x0, 0x0,

    /* U+8BC1 "证" */
    0x0, 0x55, 0x0, 0x0, 0x0, 0x0, 0x0, 0x0,
    0x0, 0x7e, 0x0, 0xdf, 0xff, 0xff, 0xff, 0xf0,
    0x0, 0xe, 0x60, 0x23, 0x33, 0xf7, 0x33, 0x20,
    0x0, 0x2, 0x0, 0x0, 0x0, 0xf5, 0x0, 0x0,
    0x2, 0x22, 0x0, 0x0, 0x0, 0xf5, 0x0, 0x0,
    0xf, 0xfe, 0x0, 0x6d, 0x0, 0xf5, 0x0, 0x0,
    0x0, 0x3e, 0x0, 0x6d, 0x0, 0xf7, 0x33, 0x10,
    0x0, 0x3e, 0x0, 0x6d, 0x0, 0xff, 0xff, 0x70,
    0x0, 0x3e, 0x0, 0x6d, 0x0, 0xf5, 0x0, 0x0,
    0x0, 0x3e, 0x0, 0x6d, 0x0, 0xf5, 0x0, 0x0,
    0x0, 0x3e, 0x10, 0x6d, 0x0, 0xf5, 0x0, 0x0,
    0x0, 0x3e, 0xc5, 0x6d, 0x0, 0xf5, 0x0, 0x0,
    0x0, 0x3f, 0xc3, 0x8d, 0x33, 0xf7, 0x33, 0x30,
    0x0, 0x7, 0x1e, 0xff, 0xff, 0xff, 0xff, 0xf4,

    /* U+8BD5 "试" */
    0x0, 0x96, 0x0, 0x0, 0x0, 0x7b, 0x48, 0x0,
    0x0, 0x7f, 0x10, 0x0, 0x0, 0x7c, 0x2f, 0x20,
    0x0, 0xd, 0x80, 0x23, 0x33, 0x8d, 0x36, 0x30,
    0x0, 0x2, 0x0, 0xef, 0xff, 0xff, 0xff, 0xf1,
    0x16, 0x66, 0x0, 0x0, 0x0, 0x5d, 0x0, 0x0,
    0x1a, 0xaf, 0x10, 0x0, 0x0, 0x4e, 0x0, 0x0,
    0x0, 0x2f, 0x10, 0xde, 0xee, 0x6f, 0x0, 0x0,
    0x0, 0x2f, 0x10, 0x28, 0xd2, 0x1f, 0x10, 0x0,
    0x0, 0x2f, 0x10, 0x7, 0xc0, 0xf, 0x30, 0x0,
    0x0, 0x2f, 0x10, 0x7, 0xc0, 0xc, 0x60, 0x0,
    0x0, 0x2f, 0x74, 0x7, 0xc1, 0x48, 0xa1, 0xc1,
    0x0, 0x2f, 0xf3, 0x5b, 0xff, 0xa4, 0xe2, 0xf0,
    0x0, 0xd, 0x64, 0xd9, 0x51, 0x0, 0xec, 0xd0,
    0x0, 0x0, 0x0, 0x0, 0x0, 0x0, 0x4e, 0x50,

    /* U+8BE2 "询" */
    0x0, 0x0, 0x0, 0x0, 0x0, 0x0, 0x0, 0x0,
    0x7, 0x70, 0x1, 0xe2, 0x0, 0x0, 0x0, 0x0,
    0x6f, 0x20, 0x6e, 0x22, 0x22, 0x22, 0x10, 0x0,
    0xd6, 0xc, 0xff, 0xff, 0xff, 0xff, 0x0, 0x1,
    0x5, 0xf2, 0x11, 0x11, 0x14, 0xf0, 0x22, 0x20,
    0xe8, 0x0, 0x0, 0x0, 0x3f, 0xf, 0xfe, 0x8,
    0x3f, 0xff, 0xfe, 0x4, 0xf0, 0x3, 0xe0, 0x3,
    0xf1, 0x15, 0xe0, 0x4f, 0x0, 0x3e, 0x0, 0x3f,
    0x22, 0x6e, 0x4, 0xe0, 0x3, 0xe0, 0x3, 0xff,
    0xff, 0xe0, 0x5e, 0x0, 0x3e, 0x0, 0x3f, 0x0,
    0x4e, 0x5, 0xd0, 0x3, 0xe0, 0x3, 0xf3, 0x36,
    0xe0, 0x6c, 0x0, 0x3e, 0xa7, 0x3f, 0xdd, 0xdc,
    0x7, 0xb0, 0x2, 0xfb, 0x2, 0xd0, 0x0, 0x32,
    0xb8, 0x0, 0x2, 0x0, 0x0, 0x0, 0xb, 0xff,
    0x20, 0x0, 0x0, 0x0, 0x0, 0x0, 0x0, 0x0,

    /* U+8BE5 "该" */
    0x0, 0x0, 0x0, 0x0, 0x0, 0x0, 0x0, 0x0,
    0x0, 0x89, 0x0, 0x0, 0x9, 0xa0, 0x0, 0x0,
    0x0, 0x5f, 0x40, 0x0, 0x5, 0xf2, 0x0, 0x0,
    0x0, 0xb, 0xb0, 0xff, 0xff, 0xff, 0xff, 0xf1,
    0x0, 0x1, 0x0, 0x33, 0xcd, 0x33, 0x33, 0x30,
    0x2, 0x22, 0x0, 0x4, 0xf3, 0x3, 0xc1, 0x0,
    0x2f, 0xff, 0x30, 0x2e, 0x70, 0x1c, 0xc0, 0x0,
    0x0, 0xf, 0x30, 0xbf, 0xdf, 0xff, 0x31, 0x0,
    0x0, 0xf, 0x30, 0x45, 0x35, 0xf6, 0xd, 0x90,
    0x0, 0xf, 0x30, 0x0, 0x6f, 0x80, 0x8f, 0x10,
    0x0, 0xf, 0x30, 0x3c, 0xf5, 0x6, 0xf5, 0x0,
    0x0, 0xf, 0x33, 0xe9, 0x10, 0x6f, 0x80, 0x0,
    0x0, 0xf, 0x7f, 0x20, 0x1a, 0xfd, 0xe2, 0x0,
    0x0, 0xf, 0xf5, 0x6, 0xed, 0x20, 0xaf, 0x40,
    0x0, 0x6, 0x43, 0xee, 0x70, 0x0, 0x9, 0xe0,
    0x0, 0x0, 0x0, 0x60, 0x0, 0x0, 0x0, 0x20,

    /* U+8BED "语" */
    0x0, 0x34, 0x0, 0x0, 0x0, 0x0, 0x0, 0x0,
    0x0, 0x9e, 0x10, 0xff, 0xff, 0xff, 0xff, 0xe0,
    0x0, 0xd, 0xa0, 0x12, 0x3f, 0x42, 0x22, 0x10,
    0x0, 0x3, 0x30, 0x14, 0x7f, 0x44, 0x43, 0x0,
    0x2, 0x22, 0x0, 0x4c, 0xee, 0xcc, 0xeb, 0x0,
    0x2f, 0xff, 0x30, 0x0, 0xd6, 0x0, 0x9b, 0x0,
    0x0, 0xf, 0x30, 0x23, 0xf5, 0x22, 0xab, 0x20,
    0x0, 0xf, 0x32, 0xff, 0xff, 0xff, 0xff, 0xf2,
    0x0, 0xf, 0x30, 0x0, 0x0, 0x0, 0x0, 0x0,
    0x0, 0xf, 0x30, 0x4f, 0xff, 0xff, 0xff, 0x70,
    0x0, 0xf, 0x33, 0x4f, 0x22, 0x22, 0x2d, 0x70,
    0x0, 0xf, 0x8f, 0x5f, 0x0, 0x0, 0xd, 0x70,
    0x0, 0xf, 0xf5, 0x4f, 0x44, 0x44, 0x4d, 0x70,
    0x0, 0x7, 0x50, 0x4f, 0xdd, 0xdd, 0xdf, 0x70,

    /* U+8BEF "误" */
    0x0, 0x22, 0x0, 0x0, 0x0, 0x0, 0x0, 0x0,
    0x0, 0xbd, 0x0, 0xbf, 0xff, 0xff, 0xfe, 0x0,
    0x0, 0x1e, 0x80, 0xb9, 0x22, 0x22, 0x6e, 0x0,
    0x0, 0x3, 0x10, 0xb9, 0x22, 0x22, 0x7e, 0x0,
    0x4, 0x44, 0x0, 0xaf, 0xff, 0xff, 0xfe, 0x0,
    0x2c, 0xdf, 0x10, 0x0, 0x0, 0x0, 0x0, 0x0,
    0x0, 0x2f, 0x10, 0xff, 0xff, 0xff, 0xff, 0x20,
    0x0, 0x2f, 0x10, 0x33, 0x3c, 0xb3, 0x33, 0x0,
    0x0, 0x2f, 0x10, 0x11, 0x1e, 0x71, 0x11, 0x0,
    0x0, 0x2f, 0x1a, 0xff, 0xff, 0xff, 0xff, 0xe0,
    0x0, 0x2f, 0x33, 0x22, 0xae, 0xf5, 0x22, 0x10,
    0x0, 0x2f, 0xe6, 0x4, 0xf6, 0x7e, 0x30, 0x0,
    0x0, 0x1f, 0xb1, 0x7f, 0xa0, 0x8, 0xf8, 0x10,
    0x0, 0x5, 0x1e, 0xf7, 0x0, 0x0, 0x4e, 0xe0,
    0x0, 0x0, 0x3, 0x0, 0x0, 0x0, 0x0, 0x30,

    /* U+8BF7 "请" */
    0x0, 0x87, 0x0, 0x0, 0x8, 0xb0, 0x0, 0x0,
    0x0, 0x7f, 0x35, 0xff, 0xff, 0xff, 0xff, 0xe0,
    0x0, 0xd, 0xa0, 0x11, 0x18, 0xc1, 0x11, 0x0,
    0x0, 0x2, 0x0, 0xae, 0xef, 0xfe, 0xee, 0x60,
    0x2, 0x22, 0x0, 0x23, 0x3a, 0xc3, 0x33, 0x10,
    0x2f, 0xff, 0x1b, 0xbb, 0xbd, 0xeb, 0xbb, 0xb4,
    0x0, 0x2f, 0x13, 0x44, 0x44, 0x44, 0x44, 0x41,
    0x0, 0x2f, 0x10, 0xbf, 0xff, 0xff, 0xff, 0x20,
    0x0, 0x2f, 0x10, 0xc8, 0x0, 0x0, 0x1f, 0x20,
    0x0, 0x2f, 0x10, 0xcf, 0xff, 0xff, 0xff, 0x20,
    0x0, 0x2f, 0x44, 0xc8, 0x0, 0x0, 0x1f, 0x20,
    0x0, 0x2f, 0xe6, 0xcf, 0xff, 0xff, 0xff, 0x20,
    0x0, 0x1e, 0x80, 0xc8, 0x0, 0x4, 0x5f, 0x20,
    0x0, 0x0, 0x0, 0xc7, 0x0, 0xc, 0xfb, 0x0,

    /* U+8D25 "败" */
    0x0, 0x0, 0x0, 0x0, 0x2, 0xb1, 0x0, 0x0,
    0x3, 0xee, 0xee, 0xe3, 0x5, 0xf0, 0x0, 0x0,
    0x4, 0xf4, 0x44, 0xf4, 0x9, 0xc3, 0x33, 0x30,
    0x4, 0xe0, 0x80, 0xe4, 0xd, 0xff, 0xff, 0xc0,
    0x4, 0xe0, 0xf0, 0xe4, 0x2f, 0x20, 0x2f, 0x10,
    0x4, 0xe0, 0xf0, 0xe4, 0x8f, 0x0, 0x5f, 0x0,
    0x4, 0xe1, 0xf0, 0xe4, 0xef, 0x50, 0x8c, 0x0,
    0x4, 0xe1, 0xf0, 0xe6, 0xda, 0xb0, 0xc9, 0x0,
    0x4, 0xe2, 0xe0, 0xe4, 0x2, 0xf6, 0xf4, 0x0,
    0x4, 0xe5, 0xc0, 0xe4, 0x0, 0xaf, 0xd0, 0x0,
    0x2, 0x9b, 0x91, 0x82, 0x0, 0x5f, 0x90, 0x0,
    0x0, 0x4f, 0x4e, 0x40, 0x2, 0xee, 0xf4, 0x0,
    0x3, 0xe8, 0x7, 0xf2, 0x3e, 0xc0, 0x9f, 0x60,
    0xd, 0x90, 0x0, 0x61, 0xfc, 0x10, 0xa, 0xe1,
    0x1, 0x0, 0x0, 0x0, 0x30, 0x0, 0x0, 0x20,

    /* U+8D26 "账" */
    0x0, 0x11, 0x11, 0x0, 0xe5, 0x0, 0x41, 0x0,
    0xd, 0xff, 0xff, 0x30, 0xe5, 0x1, 0xf5, 0x0,
    0xd, 0x40, 0xe, 0x30, 0xe5, 0x9, 0xd0, 0x0,
    0xd, 0x48, 0x2e, 0x30, 0xe5, 0x5f, 0x50, 0x0,
    0xd, 0x4d, 0x3e, 0x30, 0xe5, 0xe9, 0x0, 0x0,
    0xd, 0x4d, 0x3e, 0x33, 0xe7, 0x43, 0x33, 0x20,
    0xd, 0x4d, 0x3e, 0x6f, 0xff, 0xff, 0xff, 0xb0,
    0xd, 0x4d, 0x3e, 0x31, 0xe5, 0xaa, 0x11, 0x0,
    0xd, 0x4f, 0x1e, 0x30, 0xe5, 0x5e, 0x0, 0x0,
    0xd, 0x5f, 0xe, 0x30, 0xe5, 0xf, 0x50, 0x0,
    0x8, 0x8c, 0x8, 0x10, 0xe5, 0x8, 0xe0, 0x0,
    0x0, 0xc8, 0xa3, 0x0, 0xe5, 0x11, 0xdb, 0x0,
    0x6, 0xf1, 0x6d, 0x0, 0xe9, 0xe5, 0x2f, 0xc0,
    0x2f, 0x50, 0xe, 0x50, 0xdf, 0x60, 0x2, 0x80,
    0x2, 0x0, 0x2, 0x0, 0x22, 0x0, 0x0, 0x0,

    /* U+8D85 "超" */
    0x0, 0x6, 0xd0, 0x0, 0x0, 0x0, 0x0, 0x0,
    0x0, 0x6, 0xd0, 0x1, 0xff, 0xff, 0xff, 0x60,
    0x7, 0xff, 0xff, 0xe0, 0x16, 0xd1, 0x1d, 0x50,
    0x0, 0x27, 0xd2, 0x10, 0x9, 0xb0, 0xd, 0x50,
    0x0, 0x6, 0xd0, 0x0, 0x2f, 0x50, 0xf, 0x40,
    0xe, 0xff, 0xff, 0xf6, 0xec, 0xe, 0xef, 0x10,
    0x2, 0x22, 0xf5, 0x20, 0x61, 0x2, 0x42, 0x0,
    0x0, 0x91, 0xf3, 0x0, 0xdf, 0xff, 0xff, 0x20,
    0x1, 0xf0, 0xf7, 0x50, 0xd7, 0x33, 0x4f, 0x20,
    0x4, 0xe0, 0xfd, 0xb0, 0xd4, 0x0, 0xf, 0x20,
    0x8, 0xd0, 0xf3, 0x0, 0xd7, 0x33, 0x4f, 0x20,
    0xd, 0xfa, 0xf3, 0x0, 0xce, 0xee, 0xee, 0x20,
    0x3f, 0x5b, 0xfa, 0x76, 0x54, 0x44, 0x44, 0x40,
    0x4d, 0x0, 0x39, 0xcd, 0xef, 0xff, 0xff, 0xe0,
    0x1, 0x0, 0x0, 0x0, 0x0, 0x0, 0x0, 0x0,

    /* U+8F91 "辑" */
    0x0, 0x4, 0x20, 0x0, 0x0, 0x0, 0x0, 0x0,
    0x0, 0xd, 0x50, 0x4, 0xff, 0xff, 0xff, 0x0,
    0x1f, 0xff, 0xff, 0xa4, 0xe0, 0x0, 0x3f, 0x0,
    0x3, 0xbb, 0x33, 0x23, 0xec, 0xcc, 0xce, 0x0,
    0x0, 0xf5, 0x91, 0x0, 0x0, 0x0, 0x0, 0x0,
    0x7, 0xe0, 0xf2, 0x8f, 0xff, 0xff, 0xff, 0xf0,
    0xe, 0xa5, 0xf6, 0x45, 0xd1, 0x11, 0x4d, 0x0,
    0x9, 0xaa, 0xfb, 0x75, 0xfe, 0xee, 0xed, 0x0,
    0x0, 0x0, 0xf2, 0x5, 0xd1, 0x11, 0x5d, 0x0,
    0x0, 0x0, 0xf3, 0x25, 0xe4, 0x44, 0x7d, 0x0,
    0x5, 0x8b, 0xff, 0xa5, 0xfc, 0xcc, 0xdd, 0x0,
    0xa, 0x97, 0xf3, 0x5, 0xd1, 0x34, 0x7e, 0x73,
    0x0, 0x0, 0xf2, 0x9f, 0xdc, 0xba, 0xbe, 0x62,
    0x0, 0x0, 0xf2, 0x0, 0x0, 0x0, 0x4d, 0x0,

    /* U+8F93 "输" */
    0x0, 0xb, 0x20, 0x0, 0x3, 0x90, 0x0, 0x0,
    0x0, 0x2f, 0x10, 0x0, 0x1d, 0xf9, 0x0, 0x0,
    0xc, 0xdf, 0xc9, 0x1, 0xc9, 0x1d, 0xc1, 0x0,
    0x6, 0xdb, 0x64, 0x2d, 0xd3, 0x23, 0xdf, 0x80,
    0x1, 0xf9, 0x52, 0xe7, 0xef, 0xff, 0xf6, 0x92,
    0x7, 0xd9, 0x80, 0x47, 0x77, 0x30, 0x5, 0x30,
    0xe, 0x9a, 0xa2, 0x8e, 0xce, 0x76, 0x4b, 0x60,
    0xc, 0xdf, 0xea, 0x88, 0x9, 0x79, 0x6b, 0x60,
    0x0, 0x9, 0x80, 0x8f, 0xff, 0x79, 0x6b, 0x60,
    0x0, 0x9, 0xb5, 0x89, 0x19, 0x79, 0x6b, 0x60,
    0xb, 0xef, 0xe8, 0x8d, 0xbd, 0x79, 0x6b, 0x60,
    0x9, 0x7b, 0x80, 0x8b, 0x5b, 0x79, 0x6b, 0x60,
    0x0, 0x9, 0x80, 0x88, 0x1a, 0x72, 0x2c, 0x60,
    0x0, 0x9, 0x80, 0x88, 0xae, 0x35, 0xfe, 0x20,
    0x0, 0x0, 0x0, 0x0, 0x0, 0x0, 0x0, 0x0,

    /* U+8FBE "达" */
    0x4, 0x30, 0x0, 0x0, 0xf, 0x30, 0x0, 0x0,
    0x9, 0xf5, 0x0, 0x0, 0xf, 0x30, 0x0, 0x0,
    0x0, 0x7c, 0x0, 0x0, 0xf, 0x30, 0x0, 0x0,
    0x0, 0x0, 0xa, 0xee, 0xef, 0xee, 0xee, 0x30,
    0x0, 0x0, 0x3, 0x44, 0x7f, 0x44, 0x44, 0x0,
    0x3, 0x33, 0x0, 0x0, 0x7e, 0x0, 0x0, 0x0,
    0x2f, 0xff, 0x0, 0x0, 0xdf, 0xc1, 0x0, 0x0,
    0x0, 0x5f, 0x0, 0x5, 0xf7, 0xfd, 0x10, 0x0,
    0x0, 0x5f, 0x0, 0x1e, 0xa0, 0x3e, 0xd0, 0x0,
    0x0, 0x5f, 0x1, 0xcd, 0x10, 0x3, 0xfb, 0x0,
    0x0, 0x5f, 0xc, 0xd1, 0x0, 0x0, 0x4f, 0x90,
    0x0, 0x5f, 0x25, 0x10, 0x0, 0x0, 0x6, 0x20,
    0x8, 0xfa, 0xfb, 0x87, 0x66, 0x66, 0x66, 0x50,
    0xd, 0x60, 0x17, 0xbe, 0xff, 0xff, 0xff, 0xa0,
    0x0, 0x0, 0x0, 0x0, 0x0, 0x0, 0x0, 0x0,

    /* U+8FC7 "过" */
    0x2, 0x10, 0x0, 0x0, 0x0, 0x1f, 0x30, 0x0,
    0xb, 0xe3, 0x0, 0x0, 0x0, 0x1f, 0x30, 0x0,
    0x0, 0xbe, 0x1, 0x33, 0x33, 0x4f, 0x63, 0x30,
    0x0, 0x4, 0x4, 0xff, 0xff, 0xff, 0xff, 0xf0,
    0x0, 0x0, 0x0, 0x0, 0x0, 0x1f, 0x30, 0x0,
    0x3, 0x33, 0x0, 0x96, 0x0, 0x1f, 0x30, 0x0,
    0x2f, 0xff, 0x0, 0x8e, 0x0, 0x1f, 0x30, 0x0,
    0x0, 0x5f, 0x0, 0x1f, 0x50, 0x1f, 0x30, 0x0,
    0x0, 0x5f, 0x0, 0xc, 0x90, 0x1f, 0x30, 0x0,
    0x0, 0x5f, 0x0, 0x1, 0x0, 0x1f, 0x30, 0x0,
    0x0, 0x5f, 0x0, 0x0, 0x21, 0x3f, 0x20, 0x0,
    0x0, 0x5f, 0x10, 0x0, 0x4f, 0xfe, 0x0, 0x0,
    0x7, 0xfa, 0xfb, 0x87, 0x67, 0x86, 0x66, 0x60,
    0xd, 0x60, 0x17, 0xbe, 0xff, 0xff, 0xff, 0xd0,
    0x0, 0x0, 0x0, 0x0, 0x0, 0x0, 0x0, 0x0,

    /* U+8FD0 "运" */
    0x0, 0x0, 0x0, 0x0, 0x0, 0x0, 0x0, 0x0,
    0xa, 0x80, 0x0, 0xbf, 0xff, 0xff, 0xf8, 0x0,
    0x4, 0xeb, 0x0, 0x23, 0x33, 0x33, 0x31, 0x0,
    0x0, 0x27, 0x0, 0x0, 0x0, 0x0, 0x0, 0x0,
    0x0, 0x0, 0x5, 0x66, 0x66, 0x66, 0x66, 0x40,
    0x3, 0x33, 0xa, 0xbb, 0xfe, 0xbb, 0xbb, 0x80,
    0x2f, 0xff, 0x0, 0x1, 0xf5, 0x0, 0x0, 0x0,
    0x0, 0x5f, 0x0, 0x8, 0xe0, 0xb, 0x70, 0x0,
    0x0, 0x5f, 0x0, 0x1f, 0x60, 0x7, 0xf3, 0x0,
    0x0, 0x5f, 0x0, 0xad, 0x12, 0x46, 0xed, 0x0,
    0x0, 0x5f, 0x1, 0xff, 0xff, 0xfc, 0xaf, 0x70,
    0x0, 0x5f, 0x10, 0x44, 0x21, 0x0, 0x5, 0x20,
    0x8, 0xfa, 0xfb, 0x87, 0x66, 0x66, 0x66, 0x60,
    0xd, 0x60, 0x17, 0xbe, 0xff, 0xff, 0xff, 0xc0,
    0x0, 0x0, 0x0, 0x0, 0x0, 0x0, 0x0, 0x0,

    /* U+8FD1 "近" */
    0x3, 0x20, 0x0, 0x0, 0x12, 0x46, 0x9a, 0x0,
    0xb, 0xf4, 0x0, 0xef, 0xff, 0xfd, 0xa7, 0x10,
    0x0, 0xad, 0x0, 0xe6, 0x10, 0x0, 0x0, 0x0,
    0x0, 0x2, 0x0, 0xe5, 0x0, 0x0, 0x0, 0x0,
    0x0, 0x0, 0x0, 0xe9, 0x66, 0x66, 0x66, 0x50,
    0x3, 0x33, 0x0, 0xfe, 0xdd, 0xdf, 0xed, 0xb0,
    0x2f, 0xff, 0x0, 0xf4, 0x0, 0xf, 0x60, 0x0,
    0x0, 0x5f, 0x3, 0xf1, 0x0, 0xf, 0x60, 0x0,
    0x0, 0x5f, 0x6, 0xe0, 0x0, 0xf, 0x60, 0x0,
    0x0, 0x5f, 0xb, 0x90, 0x0, 0xf, 0x60, 0x0,
    0x0, 0x5f, 0xf, 0x30, 0x0, 0xf, 0x60, 0x0,
    0x0, 0x5f, 0x13, 0x0, 0x0, 0xd, 0x50, 0x0,
    0x7, 0xfa, 0xfb, 0x87, 0x66, 0x66, 0x66, 0x50,
    0xd, 0x60, 0x27, 0xbe, 0xff, 0xff, 0xff, 0xc0,
    0x0, 0x0, 0x0, 0x0, 0x0, 0x0, 0x0, 0x0,

    /* U+8FD4 "返" */
    0x3, 0x20, 0x0, 0x0, 0x13, 0x57, 0xba, 0x0,
    0xb, 0xf4, 0x0, 0xdf, 0xff, 0xeb, 0x85, 0x0,
    0x0, 0xae, 0x0, 0xd7, 0x10, 0x0, 0x0, 0x0,
    0x0, 0x2, 0x0, 0xd6, 0x0, 0x0, 0x0, 0x0,
    0x0, 0x0, 0x0, 0xdf, 0xee, 0xee, 0xee, 0x10,
    0x3, 0x33, 0x0, 0xd8, 0x44, 0x44, 0xae, 0x0,
    0x2f, 0xff, 0x0, 0xee, 0x60, 0x1, 0xf6, 0x0,
    0x0, 0x5f, 0x1, 0xf7, 0xed, 0x4c, 0xc0, 0x0,
    0x0, 0x5f, 0x5, 0xe0, 0x8, 0xff, 0x30, 0x0,
    0x0, 0x5f, 0xb, 0xa0, 0x2d, 0xdc, 0xe3, 0x0,
    0x0, 0x5f, 0xf, 0x38, 0xfa, 0x0, 0x9f, 0x50,
    0x0, 0x5f, 0x21, 0x1c, 0x40, 0x0, 0x7, 0x30,
    0x8, 0xfa, 0xfb, 0x87, 0x66, 0x66, 0x66, 0x60,
    0xd, 0x60, 0x17, 0xbe, 0xff, 0xff, 0xff, 0xc0,
    0x0, 0x0, 0x0, 0x0, 0x0, 0x0, 0x0, 0x0,

    /* U+8FDE "连" */
    0x2, 0x10, 0x0, 0x0, 0x77, 0x0, 0x0, 0x0,
    0xb, 0xe2, 0x2, 0x33, 0xe9, 0x33, 0x33, 0x0,
    0x1, 0xce, 0x9, 0xff, 0xff, 0xff, 0xff, 0x30,
    0x0, 0x14, 0x0, 0xd, 0xa0, 0x10, 0x0, 0x0,
    0x0, 0x0, 0x0, 0x5f, 0x27, 0xd0, 0x0, 0x0,
    0x2, 0x22, 0x1, 0xe9, 0x7, 0xd0, 0x0, 0x0,
    0x3f, 0xff, 0x2, 0xff, 0xff, 0xff, 0xff, 0x10,
    0x0, 0x5f, 0x0, 0x22, 0x28, 0xd2, 0x22, 0x0,
    0x0, 0x5f, 0x0, 0x0, 0x7, 0xd0, 0x0, 0x0,
    0x0, 0x5f, 0xe, 0xff, 0xff, 0xff, 0xff, 0x70,
    0x0, 0x5f, 0x3, 0x33, 0x38, 0xd3, 0x33, 0x10,
    0x0, 0x5f, 0x0, 0x0, 0x7, 0xd0, 0x0, 0x0,
    0x6, 0xdc, 0xea, 0x77, 0x6a, 0xd6, 0x66, 0x60,
    0xd, 0x70, 0x38, 0xbe, 0xff, 0xff, 0xff, 0xd0,
    0x0, 0x0, 0x0, 0x0, 0x0, 0x0, 0x0, 0x0,

    /* U+901A "通" */
    0x9, 0x80, 0x4, 0xff, 0xff, 0xff, 0xff, 0x20,
    0x4, 0xeb, 0x0, 0x11, 0xa4, 0x5c, 0xc4, 0x0,
    0x0, 0x15, 0x0, 0x33, 0x8f, 0xf7, 0x33, 0x10,
    0x0, 0x0, 0x4, 0xfe, 0xef, 0xfe, 0xef, 0x50,
    0x3, 0x33, 0x4, 0xe0, 0xd, 0x60, 0xe, 0x50,
    0x2f, 0xff, 0x4, 0xff, 0xff, 0xff, 0xff, 0x50,
    0x0, 0x5f, 0x4, 0xe0, 0xd, 0x60, 0xe, 0x50,
    0x0, 0x5f, 0x4, 0xff, 0xff, 0xff, 0xff, 0x50,
    0x0, 0x5f, 0x4, 0xe0, 0xd, 0x60, 0xe, 0x50,
    0x0, 0x5f, 0x4, 0xe0, 0xd, 0x63, 0x2f, 0x50,
    0x0, 0x5f, 0x3, 0xb0, 0xb, 0x5a, 0xec, 0x10,
    0x7, 0xea, 0xea, 0x77, 0x66, 0x66, 0x66, 0x50,
    0xd, 0x60, 0x27, 0xbe, 0xff, 0xff, 0xff, 0xa0,
    0x0, 0x0, 0x0, 0x0, 0x0, 0x0, 0x0, 0x0,

    /* U+90E8 "部" */
    0x0, 0x2, 0xa0, 0x0, 0x0, 0x0, 0x0, 0x0,
    0x2, 0x33, 0xf7, 0x33, 0x18, 0xff, 0xff, 0xf0,
    0x9, 0xee, 0xee, 0xee, 0x68, 0xc3, 0x3a, 0xc0,
    0x0, 0x62, 0x0, 0x55, 0x8, 0xc0, 0xe, 0x50,
    0x0, 0x8a, 0x0, 0xd8, 0x8, 0xc0, 0x6e, 0x0,
    0x0, 0x27, 0x3, 0xf1, 0x8, 0xc0, 0xd7, 0x0,
    0xf, 0xff, 0xff, 0xff, 0xf8, 0xc0, 0xcb, 0x0,
    0x2, 0x22, 0x22, 0x22, 0x28, 0xc0, 0x1e, 0x50,
    0x1, 0x22, 0x22, 0x22, 0x8, 0xc0, 0x7, 0xc0,
    0x7, 0xff, 0xff, 0xff, 0x28, 0xc0, 0x3, 0xf0,
    0x7, 0xc0, 0x0, 0x1f, 0x28, 0xc0, 0x4, 0xf0,
    0x7, 0xc0, 0x0, 0x1f, 0x28, 0xc7, 0xbd, 0xb0,
    0x7, 0xc2, 0x22, 0x3f, 0x28, 0xc2, 0x88, 0x10,
    0x7, 0xff, 0xff, 0xff, 0x28, 0xc0, 0x0, 0x0,

    /* U+914D "配" */
    0x1f, 0xff, 0xff, 0xfe, 0xef, 0xff, 0xff, 0x50,
    0x2, 0x2e, 0x7b, 0x21, 0x23, 0x33, 0x3e, 0x50,
    0xa, 0xff, 0xff, 0xf7, 0x0, 0x0, 0xe, 0x50,
    0xb, 0x7e, 0x7b, 0xb7, 0x0, 0x0, 0xe, 0x50,
    0xb, 0x5f, 0x5a, 0xa7, 0x45, 0x55, 0x5f, 0x50,
    0xb, 0x6f, 0x4a, 0xa7, 0xcf, 0xff, 0xff, 0x50,
    0xb, 0x9c, 0x3d, 0xc7, 0xc6, 0x0, 0xe, 0x50,
    0xb, 0xe7, 0xb, 0xf7, 0xc6, 0x0, 0x0, 0x0,
    0xb, 0xb1, 0x11, 0xa7, 0xc6, 0x0, 0x0, 0x0,
    0xb, 0xff, 0xff, 0xf7, 0xc6, 0x0, 0x0, 0xe3,
    0xb, 0x50, 0x0, 0xa7, 0xc6, 0x0, 0x1, 0xf2,
    0xb, 0xed, 0xdd, 0xf7, 0xcb, 0x44, 0x5b, 0xe0,
    0xb, 0x73, 0x33, 0xb7, 0x6e, 0xff, 0xfd, 0x50,

    /* U+91CD "重" */
    0x0, 0x0, 0x0, 0x0, 0x0, 0x1, 0x21, 0x0,
    0x2, 0xdd, 0xdd, 0xee, 0xff, 0xff, 0xfb, 0x0,
    0x2, 0x77, 0x66, 0x6c, 0xb4, 0x32, 0x22, 0x20,
    0xf, 0xff, 0xff, 0xff, 0xff, 0xff, 0xff, 0xf0,
    0x0, 0x22, 0x22, 0x2b, 0xa2, 0x22, 0x21, 0x0,
    0x0, 0xef, 0xff, 0xff, 0xff, 0xff, 0xfb, 0x0,
    0x0, 0xe6, 0x11, 0x1b, 0x91, 0x11, 0x7b, 0x0,
    0x0, 0xef, 0xff, 0xff, 0xff, 0xff, 0xfb, 0x0,
    0x0, 0xe6, 0x11, 0x1b, 0x91, 0x11, 0x7b, 0x0,
    0x0, 0xdf, 0xff, 0xff, 0xff, 0xff, 0xfa, 0x0,
    0x1, 0x22, 0x22, 0x2b, 0xa2, 0x22, 0x22, 0x10,
    0x7, 0xff, 0xff, 0xff, 0xff, 0xff, 0xff, 0x60,
    0x3, 0x33, 0x33, 0x3b, 0xa3, 0x33, 0x33, 0x30,
    0x2f, 0xff, 0xff, 0xff, 0xff, 0xff, 0xff, 0xf0,

    /* U+9501 "锁" */
    0x0, 0x4c, 0x0, 0x0, 0x0, 0xe5, 0x0, 0x0,
    0x0, 0xba, 0x0, 0x6, 0xa0, 0xe5, 0x1f, 0x40,
    0x3, 0xff, 0xff, 0x41, 0xf3, 0xe5, 0x9e, 0x0,
    0xc, 0xb2, 0x22, 0x0, 0x62, 0xe5, 0x75, 0x0,
    0x4f, 0x53, 0x33, 0x2, 0x77, 0xf9, 0x77, 0x20,
    0x2, 0xaf, 0xed, 0x6, 0xfb, 0xbb, 0xbf, 0x50,
    0x0, 0xb, 0x70, 0x6, 0xd0, 0x52, 0xe, 0x50,
    0x0, 0xb, 0x70, 0x6, 0xd0, 0xe6, 0xe, 0x50,
    0xe, 0xff, 0xff, 0x56, 0xd0, 0xf5, 0xe, 0x50,
    0x1, 0x2b, 0x82, 0x6, 0xd0, 0xf5, 0xe, 0x50,
    0x0, 0xb, 0x70, 0x6, 0xd3, 0xf3, 0xe, 0x50,
    0x0, 0xb, 0x70, 0x1, 0x3b, 0xd6, 0x93, 0x0,
    0x0, 0xb, 0xce, 0x21, 0xaf, 0x33, 0xec, 0x10,
    0x0, 0x9, 0xc4, 0x6f, 0xe4, 0x0, 0x1d, 0xc0,
    0x0, 0x0, 0x0, 0x16, 0x0, 0x0, 0x1, 0x20,

    /* U+9519 "错" */
    0x0, 0x3d, 0x0, 0x0, 0x1f, 0x30, 0xe5, 0x0,
    0x0, 0xac, 0x11, 0x10, 0x1f, 0x31, 0xe5, 0x0,
    0x1, 0xff, 0xff, 0xf8, 0xff, 0xff, 0xff, 0xc0,
    0xb, 0xd2, 0x22, 0x21, 0x2f, 0x42, 0xe6, 0x10,
    0x3f, 0x53, 0x33, 0x10, 0x1f, 0x30, 0xe5, 0x0,
    0x3, 0x8f, 0xfe, 0x69, 0xaf, 0xba, 0xfc, 0xa0,
    0x0, 0x7, 0xb0, 0x5, 0x55, 0x55, 0x55, 0x50,
    0x2, 0x49, 0xc4, 0x40, 0xee, 0xee, 0xee, 0x50,
    0x9, 0xff, 0xff, 0xf0, 0xf6, 0x33, 0x3e, 0x60,
    0x1, 0x28, 0xb2, 0x20, 0xf6, 0x22, 0x2e, 0x60,
    0x0, 0x7, 0xb0, 0x0, 0xff, 0xff, 0xff, 0x60,
    0x0, 0x7, 0xb0, 0x40, 0xf4, 0x0, 0xd, 0x60,
    0x0, 0x7, 0xdd, 0x80, 0xff, 0xff, 0xff, 0x60,
    0x0, 0x3, 0x81, 0x0, 0xf6, 0x22, 0x2e, 0x60,

    /* U+957F "长" */
    0x0, 0x0, 0xd6, 0x0, 0x0, 0x8, 0x60, 0x0,
    0x0, 0xd, 0x60, 0x0, 0x8, 0xf5, 0x0, 0x0,
    0x0, 0xd6, 0x0, 0xa, 0xf6, 0x0, 0x0, 0x0,
    0xd, 0x60, 0x4d, 0xe4, 0x0, 0x0, 0x0, 0x0,
    0xd6, 0xe, 0xa1, 0x0, 0x0, 0x0, 0x33, 0x3d,
    0x83, 0x43, 0x33, 0x33, 0x32, 0x1f, 0xff, 0xff,
    0xff, 0xff, 0xff, 0xff, 0xc0, 0x0, 0xd, 0x60,
    0x2f, 0x30, 0x0, 0x0, 0x0, 0x0, 0xd6, 0x0,
    0xbc, 0x0, 0x0, 0x0, 0x0, 0xd, 0x60, 0x3,
    0xf7, 0x0, 0x0, 0x0, 0x0, 0xd6, 0x0, 0x7,
    0xf6, 0x0, 0x0, 0x0, 0xd, 0x61, 0x80, 0x8,
    0xfa, 0x10, 0x0, 0x0, 0xda, 0xeb, 0x0, 0x6,
    0xff, 0x70, 0x0, 0xc, 0xe6, 0x0, 0x0, 0x1,
    0x94, 0x0, 0x0, 0x20, 0x0, 0x0, 0x0, 0x0,
    0x0,

    /* U+95E8 "门" */
    0x0, 0x63, 0x0, 0x0, 0x0, 0x0, 0x0, 0x0,
    0x6e, 0x15, 0xff, 0xff, 0xff, 0xf5, 0x28, 0x4,
    0x10, 0x22, 0x22, 0x22, 0xe5, 0x5e, 0x0, 0x0,
    0x0, 0x0, 0x0, 0xe5, 0x5e, 0x0, 0x0, 0x0,
    0x0, 0x0, 0xe5, 0x5e, 0x0, 0x0, 0x0, 0x0,
    0x0, 0xe5, 0x5e, 0x0, 0x0, 0x0, 0x0, 0x0,
    0xe5, 0x5e, 0x0, 0x0, 0x0, 0x0, 0x0, 0xe5,
    0x5e, 0x0, 0x0, 0x0, 0x0, 0x0, 0xe5, 0x5e,
    0x0, 0x0, 0x0, 0x0, 0x0, 0xe5, 0x5e, 0x0,
    0x0, 0x0, 0x0, 0x0, 0xe5, 0x5e, 0x0, 0x0,
    0x0, 0x0, 0x0, 0xe5, 0x5e, 0x0, 0x0, 0x0,
    0x0, 0x25, 0xf4, 0x5e, 0x0, 0x0, 0x0, 0x0,
    0x5f, 0xd1,

    /* U+95ED "闭" */
    0x0, 0x63, 0x0, 0x0, 0x0, 0x0, 0x0, 0x0,
    0x6e, 0x15, 0xff, 0xff, 0xff, 0xf6, 0x28, 0x5,
    0x10, 0x25, 0x92, 0x22, 0xd6, 0x5e, 0x0, 0x0,
    0x6, 0xd0, 0x0, 0xd6, 0x5e, 0x0, 0x0, 0x6,
    0xd0, 0x0, 0xd6, 0x5e, 0xf, 0xff, 0xff, 0xff,
    0xf5, 0xd6, 0x5e, 0x1, 0x22, 0x2d, 0xd2, 0x20,
    0xd6, 0x5e, 0x0, 0x0, 0x9f, 0xd0, 0x0, 0xd6,
    0x5e, 0x0, 0x9, 0xf9, 0xd0, 0x0, 0xd6, 0x5e,
    0x0, 0xaf, 0x36, 0xd0, 0x0, 0xd6, 0x5e, 0x1e,
    0xe3, 0x6, 0xd0, 0x0, 0xd6, 0x5e, 0x6, 0x10,
    0x7, 0xd0, 0x0, 0xd6, 0x5e, 0x0, 0x0, 0xef,
    0xa0, 0x24, 0xf6, 0x5e, 0x0, 0x0, 0x34, 0x0,
    0x4f, 0xe2,

    /* U+95EE "问" */
    0x0, 0x64, 0x0, 0x0, 0x0, 0x0, 0x0, 0x0,
    0x6e, 0x15, 0xff, 0xff, 0xff, 0xf5, 0x28, 0x4,
    0x10, 0x22, 0x22, 0x22, 0xe5, 0x5e, 0x0, 0x0,
    0x0, 0x0, 0x0, 0xe5, 0x5e, 0x0, 0x11, 0x11,
    0x10, 0x0, 0xe5, 0x5e, 0x0, 0xff, 0xff, 0xfe,
    0x0, 0xe5, 0x5e, 0x0, 0xf5, 0x22, 0x6e, 0x0,
    0xe5, 0x5e, 0x0, 0xf3, 0x0, 0x5e, 0x0, 0xe5,
    0x5e, 0x0, 0xf3, 0x0, 0x5e, 0x0, 0xe5, 0x5e,
    0x0, 0xf6, 0x33, 0x7e, 0x0, 0xe5, 0x5e, 0x0,
    0xff, 0xff, 0xfe, 0x0, 0xe5, 0x5e, 0x0, 0x0,
    0x0, 0x0, 0x0, 0xe5, 0x5e, 0x0, 0x0, 0x0,
    0x0, 0x24, 0xf4, 0x5e, 0x0, 0x0, 0x0, 0x0,
    0x4f, 0xd1,

    /* U+95F4 "间" */
    0x0, 0x63, 0x0, 0x0, 0x0, 0x0, 0x0, 0x0,
    0x7e, 0x5, 0xff, 0xff, 0xff, 0xf5, 0x28, 0x4,
    0x10, 0x22, 0x22, 0x22, 0xe5, 0x5e, 0x0, 0x0,
    0x0, 0x0, 0x0, 0xe5, 0x5e, 0x0, 0xef, 0xff,
    0xfe, 0x0, 0xe5, 0x5e, 0x0, 0xe6, 0x22, 0x6e,
    0x0, 0xe5, 0x5e, 0x0, 0xe4, 0x0, 0x4e, 0x0,
    0xe5, 0x5e, 0x0, 0xee, 0xee, 0xee, 0x0, 0xe5,
    0x5e, 0x0, 0xe7, 0x44, 0x7e, 0x0, 0xe5, 0x5e,
    0x0, 0xe4, 0x0, 0x4e, 0x0, 0xe5, 0x5e, 0x0,
    0xe6, 0x33, 0x6e, 0x0, 0xe5, 0x5e, 0x0, 0xcd,
    0xdd, 0xdc, 0x0, 0xe5, 0x5e, 0x0, 0x0, 0x0,
    0x0, 0x24, 0xf4, 0x5e, 0x0, 0x0, 0x0, 0x0,
    0x4f, 0xd1,

    /* U+964C "陌" */
    0xef, 0xff, 0xcb, 0xff, 0xff, 0xff, 0xff, 0xe,
    0x42, 0xb9, 0x23, 0x38, 0xe3, 0x33, 0x30, 0xe3,
    0x1f, 0x20, 0x0, 0xb9, 0x0, 0x0, 0xe, 0x37,
    0xb0, 0x3f, 0xff, 0xff, 0xff, 0x50, 0xe3, 0xc6,
    0x3, 0xf3, 0x33, 0x33, 0xf5, 0xe, 0x35, 0xd0,
    0x3f, 0x0, 0x0, 0xe, 0x50, 0xe3, 0xd, 0x53,
    0xf0, 0x0, 0x0, 0xe5, 0xe, 0x30, 0x98, 0x3f,
    0xff, 0xff, 0xff, 0x50, 0xe3, 0xa, 0x83, 0xf3,
    0x33, 0x33, 0xf5, 0xe, 0x8d, 0xf3, 0x3f, 0x0,
    0x0, 0xe, 0x50, 0xe4, 0x63, 0x3, 0xf0, 0x0,
    0x0, 0xe5, 0xe, 0x30, 0x0, 0x3f, 0xff, 0xff,
    0xff, 0x50, 0xe3, 0x0, 0x3, 0xf3, 0x33, 0x33,
    0xe5, 0x0,

    /* U+9650 "限" */
    0xef, 0xff, 0xf7, 0xff, 0xff, 0xff, 0xe0, 0xe,
    0x74, 0x6f, 0x4f, 0x53, 0x33, 0x7e, 0x0, 0xe4,
    0xa, 0xb0, 0xf7, 0x55, 0x58, 0xe0, 0xe, 0x43,
    0xf3, 0xf, 0xed, 0xdd, 0xee, 0x0, 0xe4, 0x8e,
    0x0, 0xf3, 0x0, 0x5, 0xe0, 0xe, 0x40, 0xd7,
    0xf, 0xed, 0xdd, 0xee, 0x0, 0xe4, 0x6, 0xd0,
    0xf7, 0x8f, 0x55, 0x50, 0xe, 0x40, 0x3f, 0xf,
    0x31, 0xf1, 0x9, 0x30, 0xe5, 0x49, 0xe0, 0xf3,
    0xc, 0x89, 0xf3, 0xe, 0x6f, 0xf5, 0xf, 0x30,
    0x5f, 0xe4, 0x0, 0xe4, 0x0, 0x0, 0xf3, 0x0,
    0xad, 0x20, 0xe, 0x40, 0x0, 0xf, 0x9b, 0xf1,
    0xaf, 0x80, 0xe4, 0x0, 0x0, 0xba, 0x61, 0x0,
    0x68, 0x0,

    /* U+9664 "除" */
    0x0, 0x0, 0x0, 0x0, 0x45, 0x0, 0x0, 0xf,
    0xff, 0xf3, 0x0, 0x1f, 0xd1, 0x0, 0x0, 0xf4,
    0x3f, 0x0, 0xd, 0xcb, 0xe2, 0x0, 0xf, 0x49,
    0x90, 0x1c, 0xd1, 0xb, 0xf7, 0x0, 0xf4, 0xf2,
    0x3d, 0xd4, 0x22, 0x29, 0xfd, 0xf, 0x8e, 0x4,
    0x91, 0xff, 0xff, 0x73, 0x70, 0xf4, 0xc7, 0x0,
    0x0, 0x8c, 0x0, 0x0, 0xf, 0x45, 0xd2, 0x33,
    0x39, 0xc3, 0x33, 0x20, 0xf4, 0x1f, 0x9f, 0xff,
    0xff, 0xff, 0xf9, 0xf, 0x42, 0xf1, 0x8, 0x18,
    0xc0, 0x71, 0x0, 0xfa, 0xeb, 0x9, 0xe0, 0x8c,
    0xc, 0xc0, 0xf, 0x43, 0x8, 0xf4, 0x8, 0xc0,
    0x1d, 0x90, 0xf4, 0x0, 0xd6, 0x35, 0xbb, 0x0,
    0x3d, 0x1f, 0x40, 0x0, 0x4, 0xee, 0x50, 0x0,
    0x0,

    /* U+9700 "需" */
    0x4f, 0xff, 0xff, 0xff, 0xff, 0xff, 0xf4, 0x45,
    0x55, 0x55, 0xbb, 0x55, 0x55, 0x54, 0xfa, 0x88,
    0x88, 0xcc, 0x88, 0x88, 0xaf, 0xf5, 0xff, 0xfd,
    0x99, 0xdf, 0xff, 0x5f, 0x41, 0x22, 0x21, 0x99,
    0x12, 0x22, 0x15, 0x1, 0xff, 0xfc, 0x99, 0xef,
    0xff, 0x0, 0x12, 0x22, 0x22, 0x33, 0x22, 0x22,
    0x21, 0x9e, 0xee, 0xee, 0xfe, 0xee, 0xee, 0xe9,
    0x0, 0x0, 0x3, 0xe0, 0x0, 0x0, 0x0, 0xf,
    0xff, 0xff, 0xff, 0xff, 0xff, 0xf1, 0xf, 0x40,
    0x5e, 0x0, 0xe5, 0x3, 0xf1, 0xf, 0x40, 0x5e,
    0x0, 0xe5, 0x14, 0xf0, 0xe, 0x30, 0x5e, 0x0,
    0xe5, 0xaf, 0xb0,

    /* U+975E "非" */
    0x0, 0x0, 0x5, 0xe0, 0xf, 0x30, 0x0, 0x0,
    0x0, 0x0, 0x5, 0xe0, 0xf, 0x30, 0x0, 0x0,
    0x1, 0x44, 0x48, 0xe0, 0xf, 0x74, 0x44, 0x30,
    0x5, 0xee, 0xee, 0xe0, 0xf, 0xee, 0xee, 0x90,
    0x0, 0x0, 0x5, 0xe0, 0xf, 0x30, 0x0, 0x0,
    0x0, 0x0, 0x5, 0xe0, 0xf, 0x30, 0x0, 0x0,
    0x5, 0xee, 0xee, 0xe0, 0xf, 0xee, 0xee, 0x10,
    0x1, 0x44, 0x48, 0xe0, 0xf, 0x74, 0x44, 0x0,
    0x0, 0x0, 0x5, 0xe0, 0xf, 0x30, 0x0, 0x0,
    0x0, 0x0, 0x5, 0xe0, 0xf, 0x30, 0x0, 0x0,
    0x2f, 0xff, 0xff, 0xe0, 0xf, 0xff, 0xff, 0xf2,
    0x3, 0x33, 0x37, 0xe0, 0xf, 0x63, 0x33, 0x30,
    0x0, 0x0, 0x5, 0xe0, 0xf, 0x30, 0x0, 0x0,
    0x0, 0x0, 0x5, 0xe0, 0xf, 0x30, 0x0, 0x0,
    0x0, 0x0, 0x0, 0x0, 0x1, 0x0, 0x0, 0x0,

    /* U+9875 "页" */
    0x4f, 0xff, 0xff, 0xff, 0xff, 0xff, 0xfc, 0x0,
    0x33, 0x33, 0x3c, 0xb3, 0x33, 0x33, 0x20, 0x0,
    0xde, 0xee, 0xff, 0xee, 0xee, 0x50, 0x0, 0xe,
    0x95, 0x55, 0x55, 0x55, 0xe6, 0x0, 0x0, 0xe5,
    0x0, 0x46, 0x0, 0xd, 0x60, 0x0, 0xe, 0x50,
    0x7, 0xc0, 0x0, 0xd6, 0x0, 0x0, 0xe5, 0x0,
    0x7b, 0x0, 0xd, 0x60, 0x0, 0xe, 0x50, 0x9,
    0xa0, 0x0, 0xd6, 0x0, 0x0, 0xe5, 0x0, 0xd7,
    0x0, 0xd, 0x60, 0x0, 0xc, 0x40, 0x5f, 0x21,
    0x10, 0xb5, 0x0, 0x0, 0x0, 0x6f, 0x70, 0xaf,
    0xa3, 0x0, 0x0, 0x16, 0xce, 0x50, 0x0, 0x3b,
    0xfa, 0x20, 0x6f, 0xd7, 0x10, 0x0, 0x0, 0x3,
    0xdc, 0x0, 0x20, 0x0, 0x0, 0x0, 0x0, 0x0,
    0x10,

    /* U+9A8C "验" */
    0x0, 0x0, 0x0, 0x0, 0x0, 0x20, 0x0, 0x0,
    0xe, 0xff, 0xfc, 0x0, 0x2, 0xf7, 0x0, 0x0,
    0x0, 0x11, 0x7b, 0x0, 0xd, 0xee, 0x20, 0x0,
    0x4, 0xc0, 0x7a, 0x0, 0xbe, 0x29, 0xe2, 0x0,
    0x6, 0xc0, 0x99, 0xb, 0xf4, 0x0, 0xae, 0x50,
    0x7, 0xb0, 0xa8, 0x7f, 0xc9, 0x99, 0x9d, 0xf1,
    0x9, 0x90, 0xc6, 0x1, 0x66, 0x66, 0x63, 0x10,
    0xa, 0xff, 0xff, 0x82, 0x13, 0x70, 0x1b, 0x10,
    0x1, 0x22, 0x2f, 0x8a, 0x83, 0xe0, 0x5f, 0x0,
    0x0, 0x5, 0xf, 0x76, 0xd0, 0xf1, 0x9b, 0x0,
    0x5, 0xde, 0x1f, 0x52, 0xf0, 0xe5, 0xe7, 0x0,
    0xe, 0xa1, 0x2f, 0x30, 0xf2, 0x23, 0xf1, 0x0,
    0x1, 0x3, 0x8f, 0x14, 0x54, 0x4a, 0xd4, 0x40,
    0x0, 0xe, 0xf7, 0x1f, 0xff, 0xff, 0xff, 0xe0,

    /* U+9ED1 "黑" */
    0x0, 0xaf, 0xff, 0xff, 0xff, 0xff, 0xf8, 0x0,
    0x0, 0xa9, 0x36, 0x1b, 0x81, 0x72, 0xc8, 0x0,
    0x0, 0xa9, 0x2f, 0x1a, 0x84, 0xf1, 0xb8, 0x0,
    0x0, 0xa9, 0x6, 0x2a, 0x83, 0x50, 0xb8, 0x0,
    0x0, 0xaf, 0xff, 0xff, 0xff, 0xff, 0xf8, 0x0,
    0x0, 0x11, 0x11, 0x1b, 0x91, 0x11, 0x10, 0x0,
    0x0, 0x45, 0x55, 0x5c, 0xa5, 0x55, 0x53, 0x0,
    0x0, 0x9c, 0xcc, 0xce, 0xec, 0xcc, 0xc8, 0x0,
    0x1, 0x22, 0x22, 0x2b, 0x92, 0x22, 0x22, 0x10,
    0xe, 0xff, 0xff, 0xff, 0xff, 0xff, 0xff, 0xd0,
    0x0, 0x83, 0x6, 0x30, 0x17, 0x0, 0x46, 0x0,
    0x5, 0xf4, 0xc, 0xa0, 0x1e, 0x60, 0x6f, 0x40,
    0x1f, 0x90, 0x6, 0xf0, 0x8, 0xd0, 0xa, 0xd0,
    0x3, 0x0, 0x0, 0x20, 0x1, 0x0, 0x0, 0x20,

    /* U+9ED8 "默" */
    0x0, 0x0, 0x0, 0x0, 0x0, 0x2f, 0x0, 0x0,
    0xe, 0xff, 0xff, 0xfe, 0x0, 0x2f, 0x3a, 0x0,
    0xe, 0x44, 0xf2, 0x6e, 0x0, 0x2f, 0xd, 0x60,
    0xe, 0x88, 0xf8, 0x8e, 0x0, 0x2f, 0x3, 0x20,
    0xe, 0x58, 0xf8, 0x4e, 0x38, 0x9f, 0x88, 0x50,
    0xe, 0xff, 0xff, 0xfe, 0x39, 0xaf, 0xb9, 0x50,
    0x0, 0x2, 0xf0, 0x0, 0x0, 0x5f, 0x60, 0x0,
    0xd, 0xff, 0xff, 0xfa, 0x0, 0x6f, 0x90, 0x0,
    0x1, 0x14, 0xf1, 0x11, 0x0, 0x8f, 0xd0, 0x0,
    0x15, 0x79, 0xfc, 0xee, 0x0, 0xc9, 0xf2, 0x0,
    0x3b, 0x97, 0x53, 0x13, 0x0, 0xf4, 0xb7, 0x0,
    0x5, 0x38, 0x2d, 0x3e, 0x36, 0xe0, 0x5e, 0x0,
    0xe, 0x4b, 0x5c, 0x89, 0xad, 0x80, 0xe, 0x70,
    0x4e, 0x9, 0x77, 0x72, 0xce, 0x10, 0x6, 0xe0,
    0x2, 0x0, 0x0, 0x0, 0x2, 0x0, 0x0, 0x20,

    /* U+FF0C "，" */
    0x7, 0xe1, 0xb, 0xc0, 0xe, 0x70, 0x2f, 0x10,
    0x0, 0x0,

    /* U+FF1A "：" */
    0xaa, 0xff, 0x22, 0x0, 0x0, 0x0, 0x0, 0xbb,
    0xee, 0x11,

    /* U+FF1B "；" */
    0x7, 0xb0, 0xc, 0xf1, 0x1, 0x30, 0x0, 0x0,
    0x0, 0x0, 0x0, 0x0, 0x0, 0x0, 0xb, 0xc0,
    0xf, 0x90, 0x2f, 0x30, 0x6c, 0x0, 0x0, 0x0
};


/*---------------------
 *  GLYPH DESCRIPTION
 *--------------------*/

static const lv_font_fmt_txt_glyph_dsc_t glyph_dsc[] = {
    {.bitmap_index = 0, .adv_w = 0, .box_w = 0, .box_h = 0, .ofs_x = 0, .ofs_y = 0} /* id = 0 reserved */,
    {.bitmap_index = 0, .adv_w = 67, .box_w = 0, .box_h = 0, .ofs_x = 0, .ofs_y = 0},
    {.bitmap_index = 0, .adv_w = 103, .box_w = 2, .box_h = 12, .ofs_x = 2, .ofs_y = 0},
    {.bitmap_index = 12, .adv_w = 118, .box_w = 5, .box_h = 5, .ofs_x = 1, .ofs_y = 7},
    {.bitmap_index = 25, .adv_w = 215, .box_w = 12, .box_h = 12, .ofs_x = 1, .ofs_y = 0},
    {.bitmap_index = 97, .adv_w = 163, .box_w = 8, .box_h = 15, .ofs_x = 1, .ofs_y = -3},
    {.bitmap_index = 157, .adv_w = 243, .box_w = 15, .box_h = 12, .ofs_x = 0, .ofs_y = 0},
    {.bitmap_index = 247, .adv_w = 200, .box_w = 11, .box_h = 12, .ofs_x = 1, .ofs_y = 0},
    {.bitmap_index = 313, .adv_w = 70, .box_w = 2, .box_h = 5, .ofs_x = 1, .ofs_y = 7},
    {.bitmap_index = 318, .adv_w = 100, .box_w = 4, .box_h = 15, .ofs_x = 1, .ofs_y = -3},
    {.bitmap_index = 348, .adv_w = 100, .box_w = 4, .box_h = 15, .ofs_x = 1, .ofs_y = -3},
    {.bitmap_index = 378, .adv_w = 128, .box_w = 8, .box_h = 8, .ofs_x = 0, .ofs_y = 4},
    {.bitmap_index = 410, .adv_w = 215, .box_w = 11, .box_h = 11, .ofs_x = 1, .ofs_y = 0},
    {.bitmap_index = 471, .adv_w = 81, .box_w = 3, .box_h = 4, .ofs_x = 1, .ofs_y = -2},
    {.bitmap_index = 477, .adv_w = 92, .box_w = 5, .box_h = 3, .ofs_x = 0, .ofs_y = 3},
    {.bitmap_index = 485, .adv_w = 81, .box_w = 3, .box_h = 2, .ofs_x = 1, .ofs_y = 0},
    {.bitmap_index = 488, .adv_w = 86, .box_w = 6, .box_h = 13, .ofs_x = 0, .ofs_y = -1},
    {.bitmap_index = 527, .adv_w = 163, .box_w = 9, .box_h = 12, .ofs_x = 1, .ofs_y = 0},
    {.bitmap_index = 581, .adv_w = 163, .box_w = 8, .box_h = 12, .ofs_x = 1, .ofs_y = 0},
    {.bitmap_index = 629, .adv_w = 163, .box_w = 8, .box_h = 12, .ofs_x = 1, .ofs_y = 0},
    {.bitmap_index = 677, .adv_w = 163, .box_w = 8, .box_h = 12, .ofs_x = 1, .ofs_y = 0},
    {.bitmap_index = 725, .adv_w = 163, .box_w = 10, .box_h = 12, .ofs_x = 0, .ofs_y = 0},
    {.bitmap_index = 785, .adv_w = 163, .box_w = 8, .box_h = 12, .ofs_x = 1, .ofs_y = 0},
    {.bitmap_index = 833, .adv_w = 163, .box_w = 9, .box_h = 12, .ofs_x = 1, .ofs_y = 0},
    {.bitmap_index = 887, .adv_w = 163, .box_w = 8, .box_h = 12, .ofs_x = 1, .ofs_y = 0},
    {.bitmap_index = 935, .adv_w = 163, .box_w = 9, .box_h = 12, .ofs_x = 1, .ofs_y = 0},
    {.bitmap_index = 989, .adv_w = 163, .box_w = 9, .box_h = 12, .ofs_x = 1, .ofs_y = 0},
    {.bitmap_index = 1043, .adv_w = 86, .box_w = 3, .box_h = 8, .ofs_x = 1, .ofs_y = 0},
    {.bitmap_index = 1055, .adv_w = 86, .box_w = 3, .box_h = 10, .ofs_x = 1, .ofs_y = -2},
    {.bitmap_index = 1070, .adv_w = 215, .box_w = 11, .box_h = 10, .ofs_x = 1, .ofs_y = 0},
    {.bitmap_index = 1125, .adv_w = 215, .box_w = 11, .box_h = 6, .ofs_x = 1, .ofs_y = 2},
    {.bitmap_index = 1158, .adv_w = 215, .box_w = 11, .box_h = 10, .ofs_x = 1, .ofs_y = 0},
    {.bitmap_index = 1213, .adv_w = 136, .box_w = 7, .box_h = 12, .ofs_x = 1, .ofs_y = 0},
    {.bitmap_index = 1255, .adv_w = 256, .box_w = 14, .box_h = 15, .ofs_x = 1, .ofs_y = -4},
    {.bitmap_index = 1360, .adv_w = 175, .box_w = 11, .box_h = 12, .ofs_x = 0, .ofs_y = 0},
    {.bitmap_index = 1426, .adv_w = 176, .box_w = 9, .box_h = 12, .ofs_x = 1, .ofs_y = 0},
    {.bitmap_index = 1480, .adv_w = 179, .box_w = 11, .box_h = 12, .ofs_x = 0, .ofs_y = 0},
    {.bitmap_index = 1546, .adv_w = 197, .box_w = 11, .box_h = 12, .ofs_x = 1, .ofs_y = 0},
    {.bitmap_index = 1612, .adv_w = 162, .box_w = 9, .box_h = 12, .ofs_x = 1, .ofs_y = 0},
    {.bitmap_index = 1666, .adv_w = 147, .box_w = 8, .box_h = 12, .ofs_x = 1, .ofs_y = 0},
    {.bitmap_index = 1714, .adv_w = 198, .box_w = 12, .box_h = 12, .ofs_x = 0, .ofs_y = 0},
    {.bitmap_index = 1786, .adv_w = 193, .box_w = 10, .box_h = 12, .ofs_x = 1, .ofs_y = 0},
    {.bitmap_index = 1846, .adv_w = 76, .box_w = 3, .box_h = 12, .ofs_x = 1, .ofs_y = 0},
    {.bitmap_index = 1864, .adv_w = 76, .box_w = 5, .box_h = 15, .ofs_x = -1, .ofs_y = -3},
    {.bitmap_index = 1902, .adv_w = 168, .box_w = 10, .box_h = 12, .ofs_x = 1, .ofs_y = 0},
    {.bitmap_index = 1962, .adv_w = 143, .box_w = 8, .box_h = 12, .ofs_x = 1, .ofs_y = 0},
    {.bitmap_index = 2010, .adv_w = 221, .box_w = 12, .box_h = 12, .ofs_x = 1, .ofs_y = 0},
    {.bitmap_index = 2082, .adv_w = 192, .box_w = 10, .box_h = 12, .ofs_x = 1, .ofs_y = 0},
    {.bitmap_index = 2142, .adv_w = 202, .box_w = 12, .box_h = 12, .ofs_x = 0, .ofs_y = 0},
    {.bitmap_index = 2214, .adv_w = 154, .box_w = 9, .box_h = 12, .ofs_x = 1, .ofs_y = 0},
    {.bitmap_index = 2268, .adv_w = 202, .box_w = 12, .box_h = 14, .ofs_x = 0, .ofs_y = -2},
    {.bitmap_index = 2352, .adv_w = 178, .box_w = 10, .box_h = 12, .ofs_x = 1, .ofs_y = 0},
    {.bitmap_index = 2412, .adv_w = 163, .box_w = 9, .box_h = 12, .ofs_x = 1, .ofs_y = 0},
    {.bitmap_index = 2466, .adv_w = 156, .box_w = 11, .box_h = 12, .ofs_x = -1, .ofs_y = 0},
    {.bitmap_index = 2532, .adv_w = 187, .box_w = 10, .box_h = 12, .ofs_x = 1, .ofs_y = 0},
    {.bitmap_index = 2592, .adv_w = 175, .box_w = 11, .box_h = 12, .ofs_x = 0, .ofs_y = 0},
    {.bitmap_index = 2658, .adv_w = 253, .box_w = 16, .box_h = 12, .ofs_x = 0, .ofs_y = 0},
    {.bitmap_index = 2754, .adv_w = 175, .box_w = 11, .box_h = 12, .ofs_x = 0, .ofs_y = 0},
    {.bitmap_index = 2820, .adv_w = 156, .box_w = 11, .box_h = 12, .ofs_x = -1, .ofs_y = 0},
    {.bitmap_index = 2886, .adv_w = 175, .box_w = 11, .box_h = 12, .ofs_x = 0, .ofs_y = 0},
    {.bitmap_index = 2952, .adv_w = 100, .box_w = 4, .box_h = 15, .ofs_x = 1, .ofs_y = -3},
    {.bitmap_index = 2982, .adv_w = 86, .box_w = 6, .box_h = 13, .ofs_x = 0, .ofs_y = -1},
    {.bitmap_index = 3021, .adv_w = 100, .box_w = 4, .box_h = 15, .ofs_x = 1, .ofs_y = -3},
    {.bitmap_index = 3051, .adv_w = 215, .box_w = 11, .box_h = 5, .ofs_x = 1, .ofs_y = 7},
    {.bitmap_index = 3079, .adv_w = 128, .box_w = 10, .box_h = 2, .ofs_x = -1, .ofs_y = -5},
    {.bitmap_index = 3089, .adv_w = 128, .box_w = 5, .box_h = 3, .ofs_x = 1, .ofs_y = 10},
    {.bitmap_index = 3097, .adv_w = 157, .box_w = 9, .box_h = 9, .ofs_x = 0, .ofs_y = 0},
    {.bitmap_index = 3138, .adv_w = 163, .box_w = 9, .box_h = 12, .ofs_x = 1, .ofs_y = 0},
    {.bitmap_index = 3192, .adv_w = 141, .box_w = 8, .box_h = 9, .ofs_x = 0, .ofs_y = 0},
    {.bitmap_index = 3228, .adv_w = 163, .box_w = 9, .box_h = 12, .ofs_x = 0, .ofs_y = 0},
    {.bitmap_index = 3282, .adv_w = 158, .box_w = 9, .box_h = 9, .ofs_x = 0, .ofs_y = 0},
    {.bitmap_index = 3323, .adv_w = 90, .box_w = 6, .box_h = 12, .ofs_x = 0, .ofs_y = 0},
    {.bitmap_index = 3359, .adv_w = 163, .box_w = 9, .box_h = 12, .ofs_x = 0, .ofs_y = -3},
    {.bitmap_index = 3413, .adv_w = 162, .box_w = 8, .box_h = 12, .ofs_x = 1, .ofs_y = 0},
    {.bitmap_index = 3461, .adv_w = 71, .box_w = 2, .box_h = 12, .ofs_x = 1, .ofs_y = 0},
    {.bitmap_index = 3473, .adv_w = 71, .box_w = 4, .box_h = 15, .ofs_x = -1, .ofs_y = -3},
    {.bitmap_index = 3503, .adv_w = 148, .box_w = 9, .box_h = 12, .ofs_x = 1, .ofs_y = 0},
    {.bitmap_index = 3557, .adv_w = 71, .box_w = 2, .box_h = 12, .ofs_x = 1, .ofs_y = 0},
    {.bitmap_index = 3569, .adv_w = 249, .box_w = 14, .box_h = 9, .ofs_x = 1, .ofs_y = 0},
    {.bitmap_index = 3632, .adv_w = 162, .box_w = 8, .box_h = 9, .ofs_x = 1, .ofs_y = 0},
    {.bitmap_index = 3668, .adv_w = 157, .box_w = 9, .box_h = 9, .ofs_x = 0, .ofs_y = 0},
    {.bitmap_index = 3709, .adv_w = 163, .box_w = 9, .box_h = 12, .ofs_x = 1, .ofs_y = -3},
    {.bitmap_index = 3763, .adv_w = 163, .box_w = 9, .box_h = 12, .ofs_x = 0, .ofs_y = -3},
    {.bitmap_index = 3817, .adv_w = 105, .box_w = 6, .box_h = 10, .ofs_x = 1, .ofs_y = 0},
    {.bitmap_index = 3847, .adv_w = 133, .box_w = 8, .box_h = 9, .ofs_x = 0, .ofs_y = 0},
    {.bitmap_index = 3883, .adv_w = 100, .box_w = 6, .box_h = 12, .ofs_x = 0, .ofs_y = 0},
    {.bitmap_index = 3919, .adv_w = 162, .box_w = 8, .box_h = 9, .ofs_x = 1, .ofs_y = 0},
    {.bitmap_index = 3955, .adv_w = 152, .box_w = 9, .box_h = 9, .ofs_x = 0, .ofs_y = 0},
    {.bitmap_index = 3996, .adv_w = 209, .box_w = 13, .box_h = 9, .ofs_x = 0, .ofs_y = 0},
    {.bitmap_index = 4055, .adv_w = 152, .box_w = 9, .box_h = 9, .ofs_x = 0, .ofs_y = 0},
    {.bitmap_index = 4096, .adv_w = 152, .box_w = 9, .box_h = 12, .ofs_x = 0, .ofs_y = -3},
    {.bitmap_index = 4150, .adv_w = 134, .box_w = 8, .box_h = 9, .ofs_x = 0, .ofs_y = 0},
    {.bitmap_index = 4186, .adv_w = 163, .box_w = 7, .box_h = 16, .ofs_x = 2, .ofs_y = -4},
    {.bitmap_index = 4242, .adv_w = 86, .box_w = 2, .box_h = 16, .ofs_x = 2, .ofs_y = -4},
    {.bitmap_index = 4258, .adv_w = 163, .box_w = 7, .box_h = 16, .ofs_x = 2, .ofs_y = -4},
    {.bitmap_index = 4314, .adv_w = 215, .box_w = 11, .box_h = 4, .ofs_x = 1, .ofs_y = 3},
    {.bitmap_index = 4336, .adv_w = 256, .box_w = 5, .box_h = 5, .ofs_x = 0, .ofs_y = -2},
    {.bitmap_index = 4349, .adv_w = 256, .box_w = 14, .box_h = 2, .ofs_x = 1, .ofs_y = 5},
    {.bitmap_index = 4363, .adv_w = 256, .box_w = 14, .box_h = 13, .ofs_x = 1, .ofs_y = -1},
    {.bitmap_index = 4454, .adv_w = 256, .box_w = 14, .box_h = 14, .ofs_x = 1, .ofs_y = -1},
    {.bitmap_index = 4552, .adv_w = 256, .box_w = 16, .box_h = 13, .ofs_x = 0, .ofs_y = -1},
    {.bitmap_index = 4656, .adv_w = 256, .box_w = 16, .box_h = 13, .ofs_x = 0, .ofs_y = -1},
    {.bitmap_index = 4760, .adv_w = 256, .box_w = 16, .box_h = 13, .ofs_x = 0, .ofs_y = -1},
    {.bitmap_index = 4864, .adv_w = 256, .box_w = 14, .box_h = 14, .ofs_x = 1, .ofs_y = -1},
    {.bitmap_index = 4962, .adv_w = 256, .box_w = 14, .box_h = 15, .ofs_x = 1, .ofs_y = -2},
    {.bitmap_index = 5067, .adv_w = 256, .box_w = 16, .box_h = 15, .ofs_x = 0, .ofs_y = -3},
    {.bitmap_index = 5187, .adv_w = 256, .box_w = 16, .box_h = 15, .ofs_x = 0, .ofs_y = -2},
    {.bitmap_index = 5307, .adv_w = 256, .box_w = 16, .box_h = 15, .ofs_x = 0, .ofs_y = -1},
    {.bitmap_index = 5427, .adv_w = 256, .box_w = 16, .box_h = 16, .ofs_x = 0, .ofs_y = -2},
    {.bitmap_index = 5555, .adv_w = 256, .box_w = 14, .box_h = 15, .ofs_x = 2, .ofs_y = -2},
    {.bitmap_index = 5660, .adv_w = 256, .box_w = 16, .box_h = 14, .ofs_x = 0, .ofs_y = -1},
    {.bitmap_index = 5772, .adv_w = 256, .box_w = 16, .box_h = 14, .ofs_x = 0, .ofs_y = -1},
    {.bitmap_index = 5884, .adv_w = 256, .box_w = 16, .box_h = 15, .ofs_x = 0, .ofs_y = -1},
    {.bitmap_index = 6004, .adv_w = 256, .box_w = 16, .box_h = 14, .ofs_x = 0, .ofs_y = -1},
    {.bitmap_index = 6116, .adv_w = 256, .box_w = 16, .box_h = 14, .ofs_x = 0, .ofs_y = -1},
    {.bitmap_index = 6228, .adv_w = 256, .box_w = 15, .box_h = 15, .ofs_x = 1, .ofs_y = -1},
    {.bitmap_index = 6341, .adv_w = 256, .box_w = 16, .box_h = 15, .ofs_x = 0, .ofs_y = -1},
    {.bitmap_index = 6461, .adv_w = 256, .box_w = 15, .box_h = 15, .ofs_x = 1, .ofs_y = -2},
    {.bitmap_index = 6574, .adv_w = 256, .box_w = 16, .box_h = 15, .ofs_x = 0, .ofs_y = -2},
    {.bitmap_index = 6694, .adv_w = 256, .box_w = 16, .box_h = 15, .ofs_x = 0, .ofs_y = -1},
    {.bitmap_index = 6814, .adv_w = 256, .box_w = 16, .box_h = 16, .ofs_x = 0, .ofs_y = -2},
    {.bitmap_index = 6942, .adv_w = 256, .box_w = 16, .box_h = 15, .ofs_x = 0, .ofs_y = -2},
    {.bitmap_index = 7062, .adv_w = 256, .box_w = 16, .box_h = 13, .ofs_x = 0, .ofs_y = -1},
    {.bitmap_index = 7166, .adv_w = 256, .box_w = 14, .box_h = 15, .ofs_x = 1, .ofs_y = -2},
    {.bitmap_index = 7271, .adv_w = 256, .box_w = 15, .box_h = 14, .ofs_x = 0, .ofs_y = -1},
    {.bitmap_index = 7376, .adv_w = 256, .box_w = 15, .box_h = 14, .ofs_x = 0, .ofs_y = -1},
    {.bitmap_index = 7481, .adv_w = 256, .box_w = 14, .box_h = 16, .ofs_x = 1, .ofs_y = -2},
    {.bitmap_index = 7593, .adv_w = 256, .box_w = 15, .box_h = 15, .ofs_x = 0, .ofs_y = -2},
    {.bitmap_index = 7706, .adv_w = 256, .box_w = 15, .box_h = 15, .ofs_x = 0, .ofs_y = -2},
    {.bitmap_index = 7819, .adv_w = 256, .box_w = 15, .box_h = 15, .ofs_x = 0, .ofs_y = -2},
    {.bitmap_index = 7932, .adv_w = 256, .box_w = 14, .box_h = 15, .ofs_x = 1, .ofs_y = -1},
    {.bitmap_index = 8037, .adv_w = 256, .box_w = 14, .box_h = 14, .ofs_x = 1, .ofs_y = -1},
    {.bitmap_index = 8135, .adv_w = 256, .box_w = 16, .box_h = 13, .ofs_x = 0, .ofs_y = -1},
    {.bitmap_index = 8239, .adv_w = 256, .box_w = 12, .box_h = 13, .ofs_x = 2, .ofs_y = -1},
    {.bitmap_index = 8317, .adv_w = 256, .box_w = 16, .box_h = 14, .ofs_x = 0, .ofs_y = -2},
    {.bitmap_index = 8429, .adv_w = 256, .box_w = 16, .box_h = 15, .ofs_x = 0, .ofs_y = -1},
    {.bitmap_index = 8549, .adv_w = 256, .box_w = 14, .box_h = 14, .ofs_x = 1, .ofs_y = -2},
    {.bitmap_index = 8647, .adv_w = 256, .box_w = 15, .box_h = 15, .ofs_x = 0, .ofs_y = -1},
    {.bitmap_index = 8760, .adv_w = 256, .box_w = 15, .box_h = 15, .ofs_x = 0, .ofs_y = -2},
    {.bitmap_index = 8873, .adv_w = 256, .box_w = 16, .box_h = 15, .ofs_x = 0, .ofs_y = -1},
    {.bitmap_index = 8993, .adv_w = 256, .box_w = 15, .box_h = 15, .ofs_x = 0, .ofs_y = -2},
    {.bitmap_index = 9106, .adv_w = 256, .box_w = 15, .box_h = 14, .ofs_x = 0, .ofs_y = -2},
    {.bitmap_index = 9211, .adv_w = 256, .box_w = 14, .box_h = 14, .ofs_x = 1, .ofs_y = -1},
    {.bitmap_index = 9309, .adv_w = 256, .box_w = 15, .box_h = 14, .ofs_x = 0, .ofs_y = -1},
    {.bitmap_index = 9414, .adv_w = 256, .box_w = 16, .box_h = 14, .ofs_x = 0, .ofs_y = -1},
    {.bitmap_index = 9526, .adv_w = 256, .box_w = 16, .box_h = 14, .ofs_x = 0, .ofs_y = -1},
    {.bitmap_index = 9638, .adv_w = 256, .box_w = 16, .box_h = 14, .ofs_x = 0, .ofs_y = -1},
    {.bitmap_index = 9750, .adv_w = 256, .box_w = 15, .box_h = 14, .ofs_x = 0, .ofs_y = -1},
    {.bitmap_index = 9855, .adv_w = 256, .box_w = 16, .box_h = 14, .ofs_x = 0, .ofs_y = -2},
    {.bitmap_index = 9967, .adv_w = 256, .box_w = 16, .box_h = 15, .ofs_x = 0, .ofs_y = -2},
    {.bitmap_index = 10087, .adv_w = 256, .box_w = 16, .box_h = 15, .ofs_x = 0, .ofs_y = -2},
    {.bitmap_index = 10207, .adv_w = 256, .box_w = 16, .box_h = 15, .ofs_x = 0, .ofs_y = -2},
    {.bitmap_index = 10327, .adv_w = 256, .box_w = 16, .box_h = 15, .ofs_x = 0, .ofs_y = -2},
    {.bitmap_index = 10447, .adv_w = 256, .box_w = 14, .box_h = 14, .ofs_x = 1, .ofs_y = -1},
    {.bitmap_index = 10545, .adv_w = 256, .box_w = 16, .box_h = 14, .ofs_x = 0, .ofs_y = -1},
    {.bitmap_index = 10657, .adv_w = 256, .box_w = 15, .box_h = 16, .ofs_x = 0, .ofs_y = -2},
    {.bitmap_index = 10777, .adv_w = 256, .box_w = 15, .box_h = 14, .ofs_x = 0, .ofs_y = -1},
    {.bitmap_index = 10882, .adv_w = 256, .box_w = 16, .box_h = 14, .ofs_x = 0, .ofs_y = -1},
    {.bitmap_index = 10994, .adv_w = 256, .box_w = 15, .box_h = 14, .ofs_x = 1, .ofs_y = -1},
    {.bitmap_index = 11099, .adv_w = 256, .box_w = 16, .box_h = 15, .ofs_x = 0, .ofs_y = -2},
    {.bitmap_index = 11219, .adv_w = 256, .box_w = 16, .box_h = 14, .ofs_x = 0, .ofs_y = -2},
    {.bitmap_index = 11331, .adv_w = 256, .box_w = 15, .box_h = 14, .ofs_x = 0, .ofs_y = -2},
    {.bitmap_index = 11436, .adv_w = 256, .box_w = 14, .box_h = 14, .ofs_x = 1, .ofs_y = -1},
    {.bitmap_index = 11534, .adv_w = 256, .box_w = 14, .box_h = 15, .ofs_x = 1, .ofs_y = -1},
    {.bitmap_index = 11639, .adv_w = 256, .box_w = 16, .box_h = 14, .ofs_x = 0, .ofs_y = -2},
    {.bitmap_index = 11751, .adv_w = 256, .box_w = 15, .box_h = 14, .ofs_x = 1, .ofs_y = -1},
    {.bitmap_index = 11856, .adv_w = 256, .box_w = 13, .box_h = 14, .ofs_x = 1, .ofs_y = -1},
    {.bitmap_index = 11947, .adv_w = 256, .box_w = 16, .box_h = 13, .ofs_x = 0, .ofs_y = -1},
    {.bitmap_index = 12051, .adv_w = 256, .box_w = 16, .box_h = 14, .ofs_x = 0, .ofs_y = -1},
    {.bitmap_index = 12163, .adv_w = 256, .box_w = 16, .box_h = 14, .ofs_x = 0, .ofs_y = -1},
    {.bitmap_index = 12275, .adv_w = 256, .box_w = 16, .box_h = 15, .ofs_x = 0, .ofs_y = -1},
    {.bitmap_index = 12395, .adv_w = 256, .box_w = 16, .box_h = 15, .ofs_x = 0, .ofs_y = -1},
    {.bitmap_index = 12515, .adv_w = 256, .box_w = 16, .box_h = 14, .ofs_x = 0, .ofs_y = -1},
    {.bitmap_index = 12627, .adv_w = 256, .box_w = 16, .box_h = 15, .ofs_x = 0, .ofs_y = -1},
    {.bitmap_index = 12747, .adv_w = 256, .box_w = 15, .box_h = 15, .ofs_x = 0, .ofs_y = -2},
    {.bitmap_index = 12860, .adv_w = 256, .box_w = 16, .box_h = 14, .ofs_x = 0, .ofs_y = -1},
    {.bitmap_index = 12972, .adv_w = 256, .box_w = 15, .box_h = 14, .ofs_x = 0, .ofs_y = -1},
    {.bitmap_index = 13077, .adv_w = 256, .box_w = 16, .box_h = 15, .ofs_x = 0, .ofs_y = -2},
    {.bitmap_index = 13197, .adv_w = 256, .box_w = 16, .box_h = 14, .ofs_x = 0, .ofs_y = -1},
    {.bitmap_index = 13309, .adv_w = 256, .box_w = 16, .box_h = 14, .ofs_x = 0, .ofs_y = -1},
    {.bitmap_index = 13421, .adv_w = 256, .box_w = 16, .box_h = 14, .ofs_x = 0, .ofs_y = -1},
    {.bitmap_index = 13533, .adv_w = 256, .box_w = 15, .box_h = 15, .ofs_x = 1, .ofs_y = -2},
    {.bitmap_index = 13646, .adv_w = 256, .box_w = 16, .box_h = 16, .ofs_x = 0, .ofs_y = -2},
    {.bitmap_index = 13774, .adv_w = 256, .box_w = 16, .box_h = 15, .ofs_x = 0, .ofs_y = -1},
    {.bitmap_index = 13894, .adv_w = 256, .box_w = 14, .box_h = 15, .ofs_x = 1, .ofs_y = -2},
    {.bitmap_index = 13999, .adv_w = 256, .box_w = 16, .box_h = 14, .ofs_x = 0, .ofs_y = -2},
    {.bitmap_index = 14111, .adv_w = 256, .box_w = 15, .box_h = 14, .ofs_x = 1, .ofs_y = -1},
    {.bitmap_index = 14216, .adv_w = 256, .box_w = 16, .box_h = 14, .ofs_x = 0, .ofs_y = -1},
    {.bitmap_index = 14328, .adv_w = 256, .box_w = 15, .box_h = 14, .ofs_x = 0, .ofs_y = -2},
    {.bitmap_index = 14433, .adv_w = 256, .box_w = 16, .box_h = 13, .ofs_x = 0, .ofs_y = -1},
    {.bitmap_index = 14537, .adv_w = 256, .box_w = 16, .box_h = 14, .ofs_x = 0, .ofs_y = -2},
    {.bitmap_index = 14649, .adv_w = 256, .box_w = 15, .box_h = 14, .ofs_x = 0, .ofs_y = -1},
    {.bitmap_index = 14754, .adv_w = 256, .box_w = 16, .box_h = 14, .ofs_x = 0, .ofs_y = -1},
    {.bitmap_index = 14866, .adv_w = 256, .box_w = 16, .box_h = 15, .ofs_x = 0, .ofs_y = -2},
    {.bitmap_index = 14986, .adv_w = 256, .box_w = 16, .box_h = 14, .ofs_x = 0, .ofs_y = -1},
    {.bitmap_index = 15098, .adv_w = 256, .box_w = 16, .box_h = 13, .ofs_x = 0, .ofs_y = -1},
    {.bitmap_index = 15202, .adv_w = 256, .box_w = 16, .box_h = 14, .ofs_x = 0, .ofs_y = -1},
    {.bitmap_index = 15314, .adv_w = 256, .box_w = 16, .box_h = 15, .ofs_x = 0, .ofs_y = -2},
    {.bitmap_index = 15434, .adv_w = 256, .box_w = 16, .box_h = 15, .ofs_x = 0, .ofs_y = -1},
    {.bitmap_index = 15554, .adv_w = 256, .box_w = 16, .box_h = 16, .ofs_x = 0, .ofs_y = -2},
    {.bitmap_index = 15682, .adv_w = 256, .box_w = 16, .box_h = 13, .ofs_x = 0, .ofs_y = -1},
    {.bitmap_index = 15786, .adv_w = 256, .box_w = 14, .box_h = 15, .ofs_x = 1, .ofs_y = -2},
    {.bitmap_index = 15891, .adv_w = 256, .box_w = 16, .box_h = 14, .ofs_x = 0, .ofs_y = -2},
    {.bitmap_index = 16003, .adv_w = 256, .box_w = 16, .box_h = 15, .ofs_x = 0, .ofs_y = -2},
    {.bitmap_index = 16123, .adv_w = 256, .box_w = 15, .box_h = 15, .ofs_x = 0, .ofs_y = -2},
    {.bitmap_index = 16236, .adv_w = 256, .box_w = 16, .box_h = 15, .ofs_x = 0, .ofs_y = -2},
    {.bitmap_index = 16356, .adv_w = 256, .box_w = 16, .box_h = 14, .ofs_x = 0, .ofs_y = -1},
    {.bitmap_index = 16468, .adv_w = 256, .box_w = 16, .box_h = 15, .ofs_x = 0, .ofs_y = -1},
    {.bitmap_index = 16588, .adv_w = 256, .box_w = 16, .box_h = 14, .ofs_x = 0, .ofs_y = -1},
    {.bitmap_index = 16700, .adv_w = 256, .box_w = 16, .box_h = 14, .ofs_x = 0, .ofs_y = -1},
    {.bitmap_index = 16812, .adv_w = 256, .box_w = 15, .box_h = 14, .ofs_x = 0, .ofs_y = -2},
    {.bitmap_index = 16917, .adv_w = 256, .box_w = 16, .box_h = 14, .ofs_x = 0, .ofs_y = -1},
    {.bitmap_index = 17029, .adv_w = 256, .box_w = 14, .box_h = 14, .ofs_x = 1, .ofs_y = -1},
    {.bitmap_index = 17127, .adv_w = 256, .box_w = 16, .box_h = 14, .ofs_x = 0, .ofs_y = -1},
    {.bitmap_index = 17239, .adv_w = 256, .box_w = 15, .box_h = 13, .ofs_x = 0, .ofs_y = -1},
    {.bitmap_index = 17337, .adv_w = 256, .box_w = 16, .box_h = 14, .ofs_x = 0, .ofs_y = -2},
    {.bitmap_index = 17449, .adv_w = 256, .box_w = 15, .box_h = 16, .ofs_x = 0, .ofs_y = -2},
    {.bitmap_index = 17569, .adv_w = 256, .box_w = 16, .box_h = 14, .ofs_x = 0, .ofs_y = -1},
    {.bitmap_index = 17681, .adv_w = 256, .box_w = 16, .box_h = 16, .ofs_x = 0, .ofs_y = -2},
    {.bitmap_index = 17809, .adv_w = 256, .box_w = 15, .box_h = 14, .ofs_x = 1, .ofs_y = -1},
    {.bitmap_index = 17914, .adv_w = 256, .box_w = 16, .box_h = 16, .ofs_x = 0, .ofs_y = -2},
    {.bitmap_index = 18042, .adv_w = 256, .box_w = 16, .box_h = 15, .ofs_x = 0, .ofs_y = -2},
    {.bitmap_index = 18162, .adv_w = 256, .box_w = 15, .box_h = 14, .ofs_x = 0, .ofs_y = -1},
    {.bitmap_index = 18267, .adv_w = 256, .box_w = 16, .box_h = 14, .ofs_x = 0, .ofs_y = -1},
    {.bitmap_index = 18379, .adv_w = 256, .box_w = 15, .box_h = 14, .ofs_x = 1, .ofs_y = -1},
    {.bitmap_index = 18484, .adv_w = 256, .box_w = 16, .box_h = 15, .ofs_x = 0, .ofs_y = -1},
    {.bitmap_index = 18604, .adv_w = 256, .box_w = 16, .box_h = 14, .ofs_x = 0, .ofs_y = -1},
    {.bitmap_index = 18716, .adv_w = 256, .box_w = 16, .box_h = 15, .ofs_x = 0, .ofs_y = -2},
    {.bitmap_index = 18836, .adv_w = 256, .box_w = 14, .box_h = 14, .ofs_x = 1, .ofs_y = -2},
    {.bitmap_index = 18934, .adv_w = 256, .box_w = 16, .box_h = 13, .ofs_x = 0, .ofs_y = -1},
    {.bitmap_index = 19038, .adv_w = 256, .box_w = 16, .box_h = 14, .ofs_x = 0, .ofs_y = -1},
    {.bitmap_index = 19150, .adv_w = 256, .box_w = 15, .box_h = 15, .ofs_x = 1, .ofs_y = -2},
    {.bitmap_index = 19263, .adv_w = 256, .box_w = 16, .box_h = 15, .ofs_x = 0, .ofs_y = -2},
    {.bitmap_index = 19383, .adv_w = 256, .box_w = 16, .box_h = 15, .ofs_x = 0, .ofs_y = -2},
    {.bitmap_index = 19503, .adv_w = 256, .box_w = 16, .box_h = 14, .ofs_x = 0, .ofs_y = -1},
    {.bitmap_index = 19615, .adv_w = 256, .box_w = 15, .box_h = 15, .ofs_x = 1, .ofs_y = -2},
    {.bitmap_index = 19728, .adv_w = 256, .box_w = 16, .box_h = 14, .ofs_x = 0, .ofs_y = -1},
    {.bitmap_index = 19840, .adv_w = 256, .box_w = 16, .box_h = 14, .ofs_x = 0, .ofs_y = -1},
    {.bitmap_index = 19952, .adv_w = 256, .box_w = 16, .box_h = 14, .ofs_x = 0, .ofs_y = -1},
    {.bitmap_index = 20064, .adv_w = 256, .box_w = 16, .box_h = 15, .ofs_x = 0, .ofs_y = -2},
    {.bitmap_index = 20184, .adv_w = 256, .box_w = 16, .box_h = 14, .ofs_x = 0, .ofs_y = -1},
    {.bitmap_index = 20296, .adv_w = 256, .box_w = 15, .box_h = 15, .ofs_x = 0, .ofs_y = -2},
    {.bitmap_index = 20409, .adv_w = 256, .box_w = 16, .box_h = 15, .ofs_x = 0, .ofs_y = -2},
    {.bitmap_index = 20529, .adv_w = 256, .box_w = 16, .box_h = 14, .ofs_x = 0, .ofs_y = -1},
    {.bitmap_index = 20641, .adv_w = 256, .box_w = 16, .box_h = 14, .ofs_x = 0, .ofs_y = -1},
    {.bitmap_index = 20753, .adv_w = 256, .box_w = 15, .box_h = 16, .ofs_x = 0, .ofs_y = -2},
    {.bitmap_index = 20873, .adv_w = 256, .box_w = 16, .box_h = 16, .ofs_x = 0, .ofs_y = -2},
    {.bitmap_index = 21001, .adv_w = 256, .box_w = 16, .box_h = 14, .ofs_x = 0, .ofs_y = -1},
    {.bitmap_index = 21113, .adv_w = 256, .box_w = 16, .box_h = 15, .ofs_x = 0, .ofs_y = -2},
    {.bitmap_index = 21233, .adv_w = 256, .box_w = 16, .box_h = 14, .ofs_x = 0, .ofs_y = -1},
    {.bitmap_index = 21345, .adv_w = 256, .box_w = 16, .box_h = 15, .ofs_x = 0, .ofs_y = -2},
    {.bitmap_index = 21465, .adv_w = 256, .box_w = 16, .box_h = 15, .ofs_x = 0, .ofs_y = -2},
    {.bitmap_index = 21585, .adv_w = 256, .box_w = 16, .box_h = 15, .ofs_x = 0, .ofs_y = -2},
    {.bitmap_index = 21705, .adv_w = 256, .box_w = 16, .box_h = 14, .ofs_x = 0, .ofs_y = -1},
    {.bitmap_index = 21817, .adv_w = 256, .box_w = 16, .box_h = 15, .ofs_x = 0, .ofs_y = -2},
    {.bitmap_index = 21937, .adv_w = 256, .box_w = 16, .box_h = 15, .ofs_x = 0, .ofs_y = -2},
    {.bitmap_index = 22057, .adv_w = 256, .box_w = 16, .box_h = 15, .ofs_x = 0, .ofs_y = -2},
    {.bitmap_index = 22177, .adv_w = 256, .box_w = 16, .box_h = 15, .ofs_x = 0, .ofs_y = -2},
    {.bitmap_index = 22297, .adv_w = 256, .box_w = 16, .box_h = 15, .ofs_x = 0, .ofs_y = -2},
    {.bitmap_index = 22417, .adv_w = 256, .box_w = 16, .box_h = 15, .ofs_x = 0, .ofs_y = -2},
    {.bitmap_index = 22537, .adv_w = 256, .box_w = 16, .box_h = 15, .ofs_x = 0, .ofs_y = -2},
    {.bitmap_index = 22657, .adv_w = 256, .box_w = 16, .box_h = 14, .ofs_x = 0, .ofs_y = -2},
    {.bitmap_index = 22769, .adv_w = 256, .box_w = 16, .box_h = 14, .ofs_x = 0, .ofs_y = -1},
    {.bitmap_index = 22881, .adv_w = 256, .box_w = 16, .box_h = 13, .ofs_x = 0, .ofs_y = -1},
    {.bitmap_index = 22985, .adv_w = 256, .box_w = 16, .box_h = 14, .ofs_x = 0, .ofs_y = -1},
    {.bitmap_index = 23097, .adv_w = 256, .box_w = 16, .box_h = 15, .ofs_x = 0, .ofs_y = -2},
    {.bitmap_index = 23217, .adv_w = 256, .box_w = 16, .box_h = 14, .ofs_x = 0, .ofs_y = -1},
    {.bitmap_index = 23329, .adv_w = 256, .box_w = 15, .box_h = 15, .ofs_x = 0, .ofs_y = -2},
    {.bitmap_index = 23442, .adv_w = 256, .box_w = 14, .box_h = 14, .ofs_x = 1, .ofs_y = -1},
    {.bitmap_index = 23540, .adv_w = 256, .box_w = 14, .box_h = 14, .ofs_x = 1, .ofs_y = -1},
    {.bitmap_index = 23638, .adv_w = 256, .box_w = 14, .box_h = 14, .ofs_x = 1, .ofs_y = -1},
    {.bitmap_index = 23736, .adv_w = 256, .box_w = 14, .box_h = 14, .ofs_x = 1, .ofs_y = -1},
    {.bitmap_index = 23834, .adv_w = 256, .box_w = 15, .box_h = 13, .ofs_x = 1, .ofs_y = -1},
    {.bitmap_index = 23932, .adv_w = 256, .box_w = 15, .box_h = 13, .ofs_x = 1, .ofs_y = -1},
    {.bitmap_index = 24030, .adv_w = 256, .box_w = 15, .box_h = 14, .ofs_x = 1, .ofs_y = -1},
    {.bitmap_index = 24135, .adv_w = 256, .box_w = 14, .box_h = 13, .ofs_x = 1, .ofs_y = -1},
    {.bitmap_index = 24226, .adv_w = 256, .box_w = 16, .box_h = 15, .ofs_x = 0, .ofs_y = -2},
    {.bitmap_index = 24346, .adv_w = 256, .box_w = 15, .box_h = 14, .ofs_x = 1, .ofs_y = -2},
    {.bitmap_index = 24451, .adv_w = 256, .box_w = 16, .box_h = 14, .ofs_x = 0, .ofs_y = -1},
    {.bitmap_index = 24563, .adv_w = 256, .box_w = 16, .box_h = 14, .ofs_x = 0, .ofs_y = -2},
    {.bitmap_index = 24675, .adv_w = 256, .box_w = 16, .box_h = 15, .ofs_x = 0, .ofs_y = -2},
    {.bitmap_index = 24795, .adv_w = 256, .box_w = 4, .box_h = 5, .ofs_x = 6, .ofs_y = -3},
    {.bitmap_index = 24805, .adv_w = 256, .box_w = 2, .box_h = 10, .ofs_x = 7, .ofs_y = -1},
    {.bitmap_index = 24815, .adv_w = 256, .box_w = 4, .box_h = 12, .ofs_x = 6, .ofs_y = -3}
};

/*---------------------
 *  CHARACTER MAPPING
 *--------------------*/

static const uint16_t unicode_list_1[] = {
    0x0, 0x1dff, 0x1e09, 0x1e0a, 0x1e0c, 0x1e13, 0x1e23, 0x1e2c,
    0x1e39, 0x1eb9, 0x1ec9, 0x1ed5, 0x1ee3, 0x1ee4, 0x1ef5, 0x1f4c,
    0x1f5b, 0x1fdc, 0x1fe0, 0x1fed, 0x20ce, 0x2147, 0x2164, 0x2167,
    0x2172, 0x2175, 0x218c, 0x221f, 0x222f, 0x2236, 0x224c, 0x229e,
    0x229f, 0x22a0, 0x2354, 0x2360, 0x23d5, 0x23e2, 0x23f6, 0x2407,
    0x240b, 0x240c, 0x240d, 0x242a, 0x242e, 0x2457, 0x26dd, 0x2727,
    0x272f, 0x273f, 0x27de, 0x2906, 0x2928, 0x2930, 0x2933, 0x29ca,
    0x29d2, 0x2b56, 0x2b57, 0x2b99, 0x2bc5, 0x2bf8, 0x2c0e, 0x2c30,
    0x2c3c, 0x2c3f, 0x2df1, 0x2e25, 0x2eff, 0x2f0e, 0x2f52, 0x2f54,
    0x2f84, 0x2fea, 0x3000, 0x306e, 0x320f, 0x3215, 0x3236, 0x32d1,
    0x3306, 0x3308, 0x33a4, 0x3443, 0x34cc, 0x3538, 0x356f, 0x35af,
    0x35b8, 0x35df, 0x35f5, 0x366d, 0x36f3, 0x36ff, 0x370c, 0x3729,
    0x3739, 0x3742, 0x375e, 0x379b, 0x37e4, 0x3820, 0x383b, 0x3b20,
    0x3b62, 0x3b64, 0x3bcc, 0x3cd4, 0x3d87, 0x3dfa, 0x3e04, 0x42b5,
    0x4405, 0x451e, 0x4527, 0x467a, 0x4683, 0x47ea, 0x4800, 0x486b,
    0x486d, 0x4980, 0x49d1, 0x4a79, 0x4ba0, 0x4eb8, 0x4ed0, 0x4ed2,
    0x4edb, 0x4edc, 0x4ee9, 0x4f15, 0x4f50, 0x4f6d, 0x5053, 0x50fc,
    0x5137, 0x51f3, 0x5281, 0x53b6, 0x53db, 0x584b, 0x59ff, 0x5ba3,
    0x5baf, 0x5bbd, 0x5bbe, 0x5bc0, 0x5bd4, 0x5be1, 0x5be4, 0x5bec,
    0x5bee, 0x5bf6, 0x5d24, 0x5d25, 0x5d84, 0x5f90, 0x5f92, 0x5fbd,
    0x5fc6, 0x5fcf, 0x5fd0, 0x5fd3, 0x5fdd, 0x6019, 0x60e7, 0x614c,
    0x61cc, 0x6500, 0x6518, 0x657e, 0x65e7, 0x65ec, 0x65ed, 0x65f3,
    0x664b, 0x664f, 0x6663, 0x66ff, 0x675d, 0x6874, 0x6a8b, 0x6ed0,
    0x6ed7, 0xcf0b, 0xcf19, 0xcf1a
};

/*Collect the unicode lists and glyph_id offsets*/
static const lv_font_fmt_txt_cmap_t cmaps[] =
{
    {
        .range_start = 32, .range_length = 95, .glyph_id_start = 1,
        .unicode_list = NULL, .glyph_id_ofs_list = NULL, .list_length = 0, .type = LV_FONT_FMT_TXT_CMAP_FORMAT0_TINY
    },
    {
        .range_start = 12289, .range_length = 53019, .glyph_id_start = 96,
        .unicode_list = unicode_list_1, .glyph_id_ofs_list = NULL, .list_length = 188, .type = LV_FONT_FMT_TXT_CMAP_SPARSE_TINY
    }
};



/*--------------------
 *  ALL CUSTOM DATA
 *--------------------*/

#if LVGL_VERSION_MAJOR == 8
/*Store all the custom data of the font*/
static  lv_font_fmt_txt_glyph_cache_t cache;
#endif

#if LVGL_VERSION_MAJOR >= 8
static const lv_font_fmt_txt_dsc_t font_dsc = {
#else
static lv_font_fmt_txt_dsc_t font_dsc = {
#endif
    .glyph_bitmap = glyph_bitmap,
    .glyph_dsc = glyph_dsc,
    .cmaps = cmaps,
    .kern_dsc = NULL,
    .kern_scale = 0,
    .cmap_num = 2,
    .bpp = 4,
    .kern_classes = 0,
    .bitmap_format = 0,
#if LVGL_VERSION_MAJOR == 8
    .cache = &cache
#endif
};



/*-----------------
 *  PUBLIC FONT
 *----------------*/

/*Initialize a public general font descriptor*/
#if LVGL_VERSION_MAJOR >= 8
const lv_font_t dg_font_cn_16 = {
#else
lv_font_t dg_font_cn_16 = {
#endif
    .get_glyph_dsc = lv_font_get_glyph_dsc_fmt_txt,    /*Function pointer to get glyph's data*/
    .get_glyph_bitmap = lv_font_get_bitmap_fmt_txt,    /*Function pointer to get glyph's bitmap*/
    .line_height = 19,          /*The maximum line height required by the font*/
    .base_line = 5,             /*Baseline measured from the bottom of the line*/
#if !(LVGL_VERSION_MAJOR == 6 && LVGL_VERSION_MINOR == 0)
    .subpx = LV_FONT_SUBPX_NONE,
#endif
#if LV_VERSION_CHECK(7, 4, 0) || LVGL_VERSION_MAJOR >= 8
    .underline_position = 0,
    .underline_thickness = 1,
#endif
    .dsc = &font_dsc,          /*The custom font data. Will be accessed by `get_glyph_bitmap/dsc` */
#if LV_VERSION_CHECK(8, 2, 0) || LVGL_VERSION_MAJOR >= 9
    .fallback = NULL,
#endif
    .user_data = NULL,
};



#endif /*#if DG_FONT_CN_16*/

